zone,class_code,land_cover,area_km2,percent
upstream_catchment,10,Trees,1.428,1.6
upstream_catchment,20,Shrub/scrub,0.0,0.0
upstream_catchment,30,Grass,87.335,98.03
upstream_catchment,40,Crops,0.151,0.17
upstream_catchment,50,Built,0.004,0.0
upstream_catchment,60,Bare,0.175,0.2
upstream_catchment,70,Snow/ice,0.0,0.0
upstream_catchment,80,Water,0.0,0.0
upstream_catchment,90,Wetland,0.0,0.0
upstream_catchment,95,Mangroves,0.0,0.0
upstream_catchment,100,Moss/lichen,0.0,0.0
downstream_incremental,10,Trees,1.422,0.5
downstream_incremental,20,Shrub/scrub,0.0,0.0
downstream_incremental,30,Grass,100.722,35.46
downstream_incremental,40,Crops,168.996,59.5
downstream_incremental,50,Built,11.724,4.13
downstream_incremental,60,Bare,1.107,0.39
downstream_incremental,70,Snow/ice,0.0,0.0
downstream_incremental,80,Water,0.061,0.02
downstream_incremental,90,Wetland,0.0,0.0
downstream_incremental,95,Mangroves,0.0,0.0
downstream_incremental,100,Moss/lichen,0.0,0.0
connected_basin,10,Trees,2.85,0.76
connected_basin,20,Shrub/scrub,0.0,0.0
connected_basin,30,Grass,187.705,50.35
connected_basin,40,Crops,169.146,45.38
connected_basin,50,Built,11.728,3.15
connected_basin,60,Bare,1.278,0.34
connected_basin,70,Snow/ice,0.0,0.0
connected_basin,80,Water,0.061,0.02
connected_basin,90,Wetland,0.0,0.0
connected_basin,95,Mangroves,0.0,0.0
connected_basin,100,Moss/lichen,0.0,0.0
five_km_buffer_ring,10,Trees,8.862,1.31
five_km_buffer_ring,20,Shrub/scrub,0.0,0.0
five_km_buffer_ring,30,Grass,381.918,56.29
five_km_buffer_ring,40,Crops,240.979,35.52
five_km_buffer_ring,50,Built,39.19,5.78
five_km_buffer_ring,60,Bare,5.535,0.82
five_km_buffer_ring,70,Snow/ice,0.0,0.0
five_km_buffer_ring,80,Water,1.994,0.29
five_km_buffer_ring,90,Wetland,0.002,0.0
five_km_buffer_ring,95,Mangroves,0.0,0.0
five_km_buffer_ring,100,Moss/lichen,0.0,0.0
two_km_river_corridor,10,Trees,2.134,1.22
two_km_river_corridor,20,Shrub/scrub,0.0,0.0
two_km_river_corridor,30,Grass,67.802,38.79
two_km_river_corridor,40,Crops,87.258,49.92
two_km_river_corridor,50,Built,16.118,9.22
two_km_river_corridor,60,Bare,1.305,0.75
two_km_river_corridor,70,Snow/ice,0.0,0.0
two_km_river_corridor,80,Water,0.192,0.11
two_km_river_corridor,90,Wetland,0.0,0.0
two_km_river_corridor,95,Mangroves,0.0,0.0
two_km_river_corridor,100,Moss/lichen,0.0,0.0
total_study_area,10,Trees,11.712,1.11
total_study_area,20,Shrub/scrub,0.0,0.0
total_study_area,30,Grass,569.623,54.19
total_study_area,40,Crops,410.125,39.01
total_study_area,50,Built,50.918,4.84
total_study_area,60,Bare,6.813,0.65
total_study_area,70,Snow/ice,0.0,0.0
total_study_area,80,Water,2.056,0.2
total_study_area,90,Wetland,0.002,0.0
total_study_area,95,Mangroves,0.0,0.0
total_study_area,100,Moss/lichen,0.0,0.0
