distance_from_dam_km,elevation_m,easting,northing
0.0,855.40344,308894.546799107,4352368.110577661
0.042426406871192854,852.1166,308864.546799107,4352338.110577661
0.07242640687119285,848.43866,308834.546799107,4352338.110577661
0.10242640687119285,848.0,308804.546799107,4352338.110577661
0.13242640687119286,847.55023,308774.546799107,4352338.110577661
0.16242640687119286,846.0646,308744.546799107,4352338.110577661
0.2048528137423857,844.44403,308714.546799107,4352308.110577661
0.24727922061357857,840.0662,308684.546799107,4352278.110577661
0.27727922061357857,836.12744,308684.546799107,4352248.110577661
0.30727922061357854,833.3082,308684.546799107,4352218.110577661
0.33727922061357857,833.5258,308684.546799107,4352188.110577661
0.37970562748477144,834.6709,308654.546799107,4352158.110577661
0.4097056274847714,834.4483,308624.546799107,4352158.110577661
0.43970562748477143,833.6578,308594.546799107,4352158.110577661
0.4697056274847714,833.66284,308564.546799107,4352158.110577661
0.5121320343559642,829.9504,308534.546799107,4352188.110577661
0.5421320343559642,828.5741,308504.546799107,4352188.110577661
0.5721320343559643,829.74585,308474.546799107,4352188.110577661
0.6145584412271571,827.17615,308444.546799107,4352158.110577661
0.65698484809835,823.96136,308414.546799107,4352188.110577661
0.6869848480983499,823.4453,308384.546799107,4352188.110577661
0.7294112549695428,824.3354,308354.546799107,4352158.110577661
0.7718376618407357,822.48914,308324.546799107,4352128.110577661
0.8142640687119286,823.5841,308294.546799107,4352098.110577661
0.8566904755831214,823.5434,308264.546799107,4352068.110577661
0.8991168824543142,822.8527,308234.546799107,4352038.110577661
0.9415432893255071,822.30396,308204.546799107,4352008.110577661
0.9839696961966999,820.9081,308174.546799107,4351978.110577661
1.0139696961967,819.89746,308174.546799107,4351948.110577661
1.0439696961967,818.3576,308174.546799107,4351918.110577661
1.0863961030678928,814.9434,308144.546799107,4351888.110577661
1.1163961030678928,813.8294,308144.546799107,4351858.110577661
1.1463961030678929,815.0774,308144.546799107,4351828.110577661
1.1888225099390857,815.56354,308174.546799107,4351798.110577661
1.2312489168102785,813.687,308204.546799107,4351768.110577661
1.273675323681471,811.8426,308234.546799107,4351738.110577661
1.303675323681471,810.4828,308234.546799107,4351708.110577661
1.346101730552664,809.27826,308264.546799107,4351678.110577661
1.376101730552664,806.7739,308264.546799107,4351648.110577661
1.4185281374238565,806.3926,308234.546799107,4351618.110577661
1.4609545442950493,804.18024,308204.546799107,4351588.110577661
1.5033809511662422,803.59,308174.546799107,4351618.110577661
1.5333809511662422,802.81726,308144.546799107,4351618.110577661
1.563380951166242,803.4822,308114.546799107,4351618.110577661
1.6058073580374348,803.982,308084.546799107,4351588.110577661
1.6482337649086276,803.3869,308054.546799107,4351558.110577661
1.6906601717798202,800.582,308024.546799107,4351588.110577661
1.7206601717798202,799.49084,307994.546799107,4351588.110577661
1.7506601717798203,800.9567,307964.546799107,4351588.110577661
1.7806601717798203,801.47314,307934.546799107,4351588.110577661
1.8106601717798203,801.2182,307904.546799107,4351588.110577661
1.8406601717798203,802.2994,307874.546799107,4351588.110577661
1.8706601717798204,802.2658,307844.546799107,4351588.110577661
1.9006601717798204,800.8089,307814.546799107,4351588.110577661
1.943086578651013,798.73846,307784.546799107,4351558.110577661
1.9855129855222058,797.1668,307754.546799107,4351528.110577661
2.015512985522206,795.6286,307724.546799107,4351528.110577661
2.0579393923933984,793.7907,307694.546799107,4351498.110577661
2.0879393923933987,793.3639,307664.546799107,4351498.110577661
2.1303657992645912,792.97986,307634.546799107,4351468.110577661
2.172792206135784,792.95197,307604.546799107,4351438.110577661
2.202792206135784,793.47864,307574.546799107,4351438.110577661
2.2452186130069767,792.94714,307544.546799107,4351408.110577661
2.275218613006977,791.5503,307514.546799107,4351408.110577661
2.3176450198781695,792.3227,307484.546799107,4351438.110577661
2.360071426749362,791.0,307454.546799107,4351408.110577661
2.402497833620555,792.3562,307424.546799107,4351378.110577661
2.4449242404917477,789.22894,307394.546799107,4351348.110577661
2.4873506473629403,788.5921,307364.546799107,4351318.110577661
2.5297770542341333,784.937,307334.546799107,4351288.110577661
2.572203461105326,783.6819,307304.546799107,4351258.110577661
2.6146298679765185,782.20953,307274.546799107,4351228.110577661
2.6570562748477116,778.7075,307244.546799107,4351198.110577661
2.6870562748477114,778.1286,307214.546799107,4351198.110577661
2.717056274847711,778.275,307184.546799107,4351198.110577661
2.7470562748477114,777.91406,307154.546799107,4351198.110577661
2.7770562748477112,777.06,307124.546799107,4351198.110577661
2.8070562748477115,776.03754,307094.546799107,4351198.110577661
2.8370562748477113,774.1759,307064.546799107,4351198.110577661
2.8670562748477115,773.3079,307034.546799107,4351198.110577661
2.909482681718904,773.36914,307004.546799107,4351228.110577661
2.9519090885900967,773.4168,306974.546799107,4351258.110577661
2.981909088590097,772.62115,306944.546799107,4351258.110577661
3.0119090885900968,771.2766,306914.546799107,4351258.110577661
3.041909088590097,769.828,306884.546799107,4351258.110577661
3.071909088590097,769.02423,306854.546799107,4351258.110577661
3.101909088590097,769.1431,306824.546799107,4351258.110577661
3.131909088590097,770.0063,306794.546799107,4351258.110577661
3.1619090885900967,768.8641,306764.546799107,4351258.110577661
3.191909088590097,766.7745,306734.546799107,4351258.110577661
3.2219090885900967,765.50586,306704.546799107,4351258.110577661
3.251909088590097,766.5674,306674.546799107,4351258.110577661
3.2943354954612896,766.19965,306644.546799107,4351228.110577661
3.32433549546129,766.64777,306614.546799107,4351228.110577661
3.3543354954612896,765.5921,306584.546799107,4351228.110577661
3.3843354954612894,764.40826,306554.546799107,4351228.110577661
3.4143354954612897,763.65137,306524.546799107,4351228.110577661
3.4567619023324823,760.5947,306494.546799107,4351198.110577661
3.4991883092036753,759.34375,306464.546799107,4351228.110577661
3.529188309203675,758.08746,306434.546799107,4351228.110577661
3.559188309203675,760.4772,306404.546799107,4351228.110577661
3.589188309203675,761.20575,306374.546799107,4351228.110577661
3.619188309203675,760.01447,306344.546799107,4351228.110577661
3.649188309203675,759.4414,306314.546799107,4351228.110577661
3.691614716074868,759.5378,306284.546799107,4351258.110577661
3.721614716074868,758.8192,306254.546799107,4351258.110577661
3.751614716074868,757.68805,306224.546799107,4351258.110577661
3.7940411229460604,758.5836,306194.546799107,4351228.110577661
3.8364675298172535,758.52155,306164.546799107,4351198.110577661
3.878893936688446,757.50775,306134.546799107,4351168.110577661
3.908893936688446,755.0978,306104.546799107,4351168.110577661
3.938893936688446,752.83575,306074.546799107,4351168.110577661
3.9813203435596387,752.1437,306044.546799107,4351138.110577661
4.023746750430831,751.64343,306014.546799107,4351108.110577661
4.0537467504308315,751.0,305984.546799107,4351108.110577661
4.083746750430832,749.86646,305954.546799107,4351108.110577661
4.113746750430831,749.32434,305924.546799107,4351108.110577661
4.143746750430831,749.0,305894.546799107,4351108.110577661
4.173746750430832,749.0,305864.546799107,4351108.110577661
4.216173157302024,747.9736,305834.546799107,4351138.110577661
4.2461731573020245,746.3622,305804.546799107,4351138.110577661
4.276173157302024,746.04047,305774.546799107,4351138.110577661
4.318599564173217,744.80334,305744.546799107,4351108.110577661
4.348599564173217,743.99054,305714.546799107,4351108.110577661
4.378599564173217,742.9252,305684.546799107,4351108.110577661
4.4210259710444095,742.0446,305654.546799107,4351138.110577661
4.45102597104441,742.29346,305624.546799107,4351138.110577661
4.493452377915602,743.71277,305594.546799107,4351108.110577661
4.523452377915603,742.92993,305564.546799107,4351108.110577661
4.553452377915603,741.7046,305534.546799107,4351108.110577661
4.583452377915602,740.5026,305504.546799107,4351108.110577661
4.6134523779156025,739.29474,305474.546799107,4351108.110577661
4.655878784786795,739.07007,305444.546799107,4351138.110577661
4.698305191657988,738.5797,305414.546799107,4351168.110577661
4.728305191657988,737.4017,305384.546799107,4351168.110577661
4.758305191657988,736.93616,305354.546799107,4351168.110577661
4.788305191657988,736.07806,305324.546799107,4351168.110577661
4.818305191657988,736.17004,305294.546799107,4351168.110577661
4.86073159852918,736.2924,305264.546799107,4351198.110577661
4.903158005400374,735.88574,305234.546799107,4351228.110577661
4.933158005400373,735.61816,305204.546799107,4351228.110577661
4.963158005400373,733.8858,305174.546799107,4351228.110577661
4.993158005400374,732.79834,305144.546799107,4351228.110577661
5.035584412271566,732.6529,305114.546799107,4351258.110577661
5.0655844122715665,733.0,305084.546799107,4351258.110577661
5.108010819142759,732.9405,305054.546799107,4351228.110577661
5.1380108191427585,732.15234,305024.546799107,4351228.110577661
5.168010819142759,732.0,304994.546799107,4351228.110577661
5.198010819142759,732.15454,304964.546799107,4351228.110577661
5.240437226013952,732.2359,304934.546799107,4351198.110577661
5.270437226013952,731.8663,304904.546799107,4351198.110577661
5.312863632885144,730.5982,304874.546799107,4351228.110577661
5.355290039756337,730.84937,304844.546799107,4351258.110577661
5.39771644662753,730.9808,304814.546799107,4351288.110577661
5.42771644662753,730.2017,304784.546799107,4351288.110577661
5.470142853498722,730.0222,304754.546799107,4351318.110577661
5.500142853498723,730.0,304724.546799107,4351318.110577661
5.530142853498723,729.56335,304694.546799107,4351318.110577661
5.560142853498722,728.46466,304664.546799107,4351318.110577661
5.602569260369916,728.6482,304634.546799107,4351348.110577661
5.644995667241108,728.14105,304604.546799107,4351318.110577661
5.687422074112301,726.1491,304574.546799107,4351288.110577661
5.717422074112301,724.4328,304544.546799107,4351288.110577661
5.7474220741123005,723.26495,304514.546799107,4351288.110577661
5.777422074112301,722.73663,304484.546799107,4351288.110577661
5.807422074112301,722.6118,304454.546799107,4351288.110577661
5.849848480983494,723.0,304424.546799107,4351258.110577661
5.892274887854686,722.8851,304394.546799107,4351228.110577661
5.9222748878546865,722.7101,304364.546799107,4351228.110577661
5.952274887854687,720.512,304334.546799107,4351228.110577661
5.994701294725879,720.21295,304304.546799107,4351258.110577661
6.024701294725879,720.71735,304274.546799107,4351258.110577661
6.067127701597072,720.02075,304244.546799107,4351228.110577661
6.0971277015970715,720.5033,304214.546799107,4351228.110577661
6.139554108468264,720.08405,304184.546799107,4351198.110577661
6.169554108468264,720.21075,304154.546799107,4351198.110577661
6.211980515339457,720.7232,304124.546799107,4351228.110577661
6.241980515339457,720.59924,304094.546799107,4351228.110577661
6.28440692221065,720.5196,304064.546799107,4351198.110577661
6.31440692221065,719.0514,304034.546799107,4351198.110577661
6.356833329081843,717.9432,304004.546799107,4351168.110577661
6.399259735953035,717.63684,303974.546799107,4351198.110577661
6.441686142824228,715.5728,303944.546799107,4351228.110577661
6.484112549695421,715.67535,303914.546799107,4351258.110577661
6.514112549695421,716.68286,303914.546799107,4351288.110577661
6.544112549695421,717.0,303914.546799107,4351318.110577661
6.5865389565666135,716.6707,303884.546799107,4351348.110577661
6.628965363437806,715.8502,303854.546799107,4351378.110577661
6.658965363437806,715.44965,303854.546799107,4351408.110577661
6.688965363437807,715.57794,303854.546799107,4351438.110577661
6.718965363437807,714.879,303854.546799107,4351468.110577661
6.761391770308999,714.6335,303824.546799107,4351498.110577661
6.803818177180192,712.82214,303794.546799107,4351528.110577661
6.846244584051385,713.58606,303764.546799107,4351558.110577661
6.888670990922577,713.88794,303734.546799107,4351588.110577661
6.93109739779377,714.0005,303704.546799107,4351558.110577661
6.96109739779377,712.81744,303674.546799107,4351558.110577661
6.99109739779377,713.2926,303644.546799107,4351558.110577661
7.033523804664963,713.03375,303614.546799107,4351588.110577661
7.075950211536155,710.05115,303584.546799107,4351618.110577661
7.105950211536156,710.47943,303554.546799107,4351618.110577661
7.135950211536156,711.65076,303524.546799107,4351618.110577661
7.1783766184073485,710.3938,303494.546799107,4351588.110577661
7.220803025278541,711.0096,303464.546799107,4351558.110577661
7.263229432149734,710.6028,303434.546799107,4351528.110577661
7.305655839020926,708.895,303404.546799107,4351498.110577661
7.3356558390209265,708.745,303374.546799107,4351498.110577661
7.365655839020927,708.6425,303344.546799107,4351498.110577661
7.408082245892119,707.49054,303314.546799107,4351528.110577661
7.450508652763312,706.7093,303284.546799107,4351498.110577661
7.492935059634505,707.8197,303254.546799107,4351468.110577661
7.535361466505697,705.98584,303224.546799107,4351438.110577661
7.577787873376891,705.06683,303194.546799107,4351408.110577661
7.60778787337689,705.0,303164.546799107,4351408.110577661
7.63778787337689,705.0,303134.546799107,4351408.110577661
7.6677878733768905,705.10236,303104.546799107,4351408.110577661
7.710214280248083,705.0,303074.546799107,4351378.110577661
7.752640687119276,704.71454,303044.546799107,4351348.110577661
7.795067093990468,705.1641,303014.546799107,4351318.110577661
7.837493500861661,705.8224,302984.546799107,4351288.110577661
7.879919907732854,703.8799,302954.546799107,4351258.110577661
7.909919907732854,703.38885,302924.546799107,4351258.110577661
7.952346314604046,704.0,302894.546799107,4351288.110577661
7.9823463146040465,704.1478,302864.546799107,4351288.110577661
8.012346314604047,703.0491,302834.546799107,4351288.110577661
8.042346314604046,701.45624,302804.546799107,4351288.110577661
8.072346314604047,700.2705,302774.546799107,4351288.110577661
8.114772721475239,700.11664,302744.546799107,4351318.110577661
8.157199128346432,700.68445,302714.546799107,4351348.110577661
8.187199128346432,701.0,302714.546799107,4351378.110577661
8.229625535217625,701.0,302684.546799107,4351408.110577661
8.259625535217625,701.0,302654.546799107,4351408.110577661
8.302051942088818,701.0,302624.546799107,4351378.110577661
8.34447834896001,700.8012,302594.546799107,4351408.110577661
8.386904755831203,700.3024,302564.546799107,4351378.110577661
8.429331162702395,700.2093,302534.546799107,4351348.110577661
8.471757569573588,700.02246,302504.546799107,4351318.110577661
8.501757569573588,699.2265,302474.546799107,4351318.110577661
8.544183976444781,698.3908,302444.546799107,4351288.110577661
8.57418397644478,699.19086,302414.546799107,4351288.110577661
8.616610383315974,699.4288,302384.546799107,4351258.110577661
8.659036790187168,698.4912,302354.546799107,4351228.110577661
8.70146319705836,696.9753,302384.546799107,4351198.110577661
8.743889603929553,697.3349,302354.546799107,4351168.110577661
8.786316010800745,696.93085,302324.546799107,4351138.110577661
8.828742417671938,697.29016,302294.546799107,4351168.110577661
8.858742417671937,697.1036,302264.546799107,4351168.110577661
8.90116882454313,697.6167,302234.546799107,4351138.110577661
8.943595231414323,696.5231,302204.546799107,4351108.110577661
8.973595231414324,695.9977,302174.546799107,4351108.110577661
9.003595231414323,696.1244,302144.546799107,4351108.110577661
9.046021638285517,694.4501,302114.546799107,4351078.110577661
9.088448045156708,694.8966,302084.546799107,4351048.110577661
9.130874452027902,693.9893,302054.546799107,4351018.110577661
9.173300858899093,694.1818,302024.546799107,4350988.110577661
9.215727265770287,695.7524,301994.546799107,4350958.110577661
9.25815367264148,695.8745,301964.546799107,4350928.110577661
9.300580079512672,697.17194,301934.546799107,4350898.110577661
9.343006486383866,697.3974,301904.546799107,4350868.110577661
9.385432893255057,694.45026,301874.546799107,4350838.110577661
9.42785930012625,697.79004,301844.546799107,4350808.110577661
9.470285706997444,693.2152,301814.546799107,4350778.110577661
9.512712113868636,691.1429,301784.546799107,4350748.110577661
9.55513852073983,692.1756,301754.546799107,4350718.110577661
9.597564927611021,694.6696,301724.546799107,4350688.110577661
9.639991334482215,697.82184,301694.546799107,4350658.110577661
9.669991334482214,696.7692,301664.546799107,4350658.110577661
9.699991334482215,694.37573,301634.546799107,4350658.110577661
9.729991334482214,694.5915,301604.546799107,4350658.110577661
9.759991334482214,695.28394,301574.546799107,4350658.110577661
9.802417741353407,694.71356,301544.546799107,4350688.110577661
9.832417741353407,692.4306,301514.546799107,4350688.110577661
9.862417741353408,692.0679,301484.546799107,4350688.110577661
9.892417741353407,691.4609,301454.546799107,4350688.110577661
9.9348441482246,691.6218,301424.546799107,4350658.110577661
9.9648441482246,691.0999,301394.546799107,4350658.110577661
9.9948441482246,690.3296,301364.546799107,4350658.110577661
10.037270555095793,689.04474,301334.546799107,4350688.110577661
10.067270555095792,688.36505,301304.546799107,4350688.110577661
10.097270555095793,688.4585,301274.546799107,4350688.110577661
10.127270555095793,687.3162,301244.546799107,4350688.110577661
10.169696961966986,687.1329,301214.546799107,4350718.110577661
10.199696961966985,687.3392,301184.546799107,4350718.110577661
10.242123368838177,687.4099,301154.546799107,4350748.110577661
10.272123368838178,685.576,301124.546799107,4350748.110577661
10.31454977570937,684.469,301094.546799107,4350718.110577661
10.344549775709371,684.39307,301064.546799107,4350718.110577661
10.37454977570937,684.7188,301034.546799107,4350718.110577661
10.404549775709372,684.3459,301004.546799107,4350718.110577661
10.446976182580563,684.0323,300974.546799107,4350748.110577661
10.489402589451757,683.3836,300944.546799107,4350778.110577661
10.531828996322949,683.0,300914.546799107,4350808.110577661
10.56182899632295,683.11975,300884.546799107,4350808.110577661
10.591828996322949,683.9713,300854.546799107,4350808.110577661
10.634255403194143,683.494,300824.546799107,4350778.110577661
10.676681810065334,682.12006,300794.546799107,4350748.110577661
10.719108216936528,683.8254,300764.546799107,4350718.110577661
10.76153462380772,684.47284,300734.546799107,4350688.110577661
10.79153462380772,684.11884,300704.546799107,4350688.110577661
10.833961030678912,681.9934,300674.546799107,4350718.110577661
10.876387437550106,680.29407,300644.546799107,4350688.110577661
10.906387437550105,680.4729,300614.546799107,4350688.110577661
10.948813844421299,680.365,300584.546799107,4350658.110577661
10.99124025129249,679.48334,300554.546799107,4350628.110577661
11.021240251292491,678.5876,300524.546799107,4350628.110577661
11.05124025129249,677.4945,300494.546799107,4350628.110577661
11.093666658163684,676.92596,300464.546799107,4350598.110577661
11.136093065034876,677.4099,300434.546799107,4350568.110577661
11.17851947190607,678.0,300404.546799107,4350538.110577661
11.220945878777261,678.71344,300374.546799107,4350508.110577661
11.263372285648455,677.04724,300344.546799107,4350478.110577661
11.293372285648454,675.37024,300314.546799107,4350478.110577661
11.335798692519647,674.85645,300284.546799107,4350448.110577661
11.365798692519647,674.71826,300254.546799107,4350448.110577661
11.395798692519648,675.2737,300224.546799107,4350448.110577661
11.425798692519647,675.5725,300194.546799107,4350448.110577661
11.455798692519647,675.3294,300164.546799107,4350448.110577661
11.49822509939084,675.14557,300134.546799107,4350418.110577661
11.540651506262034,675.7184,300104.546799107,4350388.110577661
11.583077913133225,672.67413,300074.546799107,4350358.110577661
11.613077913133226,672.63434,300074.546799107,4350328.110577661
11.655504320004418,672.631,300104.546799107,4350298.110577661
11.685504320004418,673.4508,300104.546799107,4350268.110577661
11.727930726875611,673.61096,300074.546799107,4350238.110577661
11.770357133746804,672.1802,300044.546799107,4350208.110577661
11.800357133746804,671.3675,300044.546799107,4350178.110577661
11.842783540617997,671.12506,300014.546799107,4350148.110577661
11.885209947489189,670.0,299984.546799107,4350118.110577661
11.927636354360382,670.936,299954.546799107,4350088.110577661
11.970062761231574,671.0,299924.546799107,4350058.110577661
12.000062761231575,671.13385,299924.546799107,4350028.110577661
12.030062761231575,669.71594,299924.546799107,4349998.110577661
12.072489168102768,669.3829,299894.546799107,4349968.110577661
12.11491557497396,669.54456,299864.546799107,4349938.110577661
12.157341981845153,669.4971,299834.546799107,4349908.110577661
12.199768388716345,668.99976,299804.546799107,4349878.110577661
12.242194795587539,669.4974,299774.546799107,4349848.110577661
12.272194795587538,669.5627,299774.546799107,4349818.110577661
12.314621202458731,669.4339,299744.546799107,4349788.110577661
12.357047609329923,669.49365,299714.546799107,4349758.110577661
12.399474016201117,668.1865,299684.546799107,4349788.110577661
12.429474016201116,666.9485,299654.546799107,4349788.110577661
12.47190042307231,666.85455,299624.546799107,4349758.110577661
12.514326829943503,666.66174,299594.546799107,4349728.110577661
12.556753236814695,666.9482,299564.546799107,4349698.110577661
12.599179643685888,668.38275,299534.546799107,4349668.110577661
12.64160605055708,667.7983,299504.546799107,4349638.110577661
12.684032457428273,667.2223,299474.546799107,4349608.110577661
12.726458864299467,664.3193,299444.546799107,4349578.110577661
12.768885271170658,661.6099,299414.546799107,4349548.110577661
12.811311678041852,662.1163,299384.546799107,4349518.110577661
12.853738084913044,663.907,299354.546799107,4349488.110577661
12.883738084913045,664.3702,299354.546799107,4349458.110577661
12.913738084913044,664.5068,299354.546799107,4349428.110577661
12.956164491784238,664.53296,299384.546799107,4349398.110577661
12.986164491784237,664.77057,299384.546799107,4349368.110577661
13.016164491784236,664.1446,299384.546799107,4349338.110577661
13.046164491784237,664.3088,299384.546799107,4349308.110577661
13.08859089865543,664.1588,299414.546799107,4349278.110577661
13.11859089865543,664.6697,299414.546799107,4349248.110577661
13.161017305526622,664.51886,299384.546799107,4349218.110577661
13.191017305526623,662.7222,299384.546799107,4349188.110577661
13.221017305526622,661.67285,299384.546799107,4349158.110577661
13.251017305526622,661.70526,299384.546799107,4349128.110577661
13.293443712397815,661.9863,299354.546799107,4349098.110577661
13.335870119269007,661.148,299324.546799107,4349068.110577661
13.3782965261402,660.50464,299294.546799107,4349038.110577661
13.4082965261402,659.925,299294.546799107,4349008.110577661
13.438296526140201,659.335,299294.546799107,4348978.110577661
13.4682965261402,659.0367,299294.546799107,4348948.110577661
13.4982965261402,659.2767,299294.546799107,4348918.110577661
13.540722933011393,659.4705,299264.546799107,4348888.110577661
13.570722933011393,659.4563,299264.546799107,4348858.110577661
13.613149339882586,659.1928,299294.546799107,4348828.110577661
13.65557574675378,659.94403,299324.546799107,4348798.110577661
13.698002153624971,659.1489,299354.546799107,4348768.110577661
13.740428560496165,658.0713,299384.546799107,4348738.110577661
13.782854967367356,657.30804,299354.546799107,4348708.110577661
13.82528137423855,656.2069,299324.546799107,4348678.110577661
13.867707781109742,657.71826,299294.546799107,4348648.110577661
13.897707781109743,658.0109,299294.546799107,4348618.110577661
13.927707781109742,658.1727,299294.546799107,4348588.110577661
13.970134187980936,657.16656,299264.546799107,4348558.110577661
14.012560594852127,656.3748,299234.546799107,4348528.110577661
14.042560594852128,656.8069,299234.546799107,4348498.110577661
14.072560594852128,657.0,299234.546799107,4348468.110577661
14.114987001723321,656.6749,299204.546799107,4348438.110577661
14.157413408594513,656.0,299174.546799107,4348408.110577661
14.187413408594514,655.7539,299174.546799107,4348378.110577661
14.217413408594513,655.34393,299174.546799107,4348348.110577661
14.247413408594513,655.39276,299174.546799107,4348318.110577661
14.277413408594514,655.5478,299174.546799107,4348288.110577661
14.319839815465706,655.8283,299204.546799107,4348258.110577661
14.362266222336899,655.6741,299234.546799107,4348228.110577661
14.392266222336898,654.4331,299234.546799107,4348198.110577661
14.4222662223369,653.4566,299234.546799107,4348168.110577661
14.464692629208091,653.2611,299204.546799107,4348138.110577661
14.507119036079285,653.98145,299174.546799107,4348108.110577661
14.549545442950476,653.4341,299144.546799107,4348078.110577661
14.579545442950478,653.2914,299144.546799107,4348048.110577661
14.609545442950477,653.34814,299144.546799107,4348018.110577661
14.65197184982167,652.6923,299174.546799107,4347988.110577661
14.694398256692862,653.17834,299204.546799107,4347958.110577661
14.724398256692863,653.36035,299204.546799107,4347928.110577661
14.766824663564055,652.27716,299234.546799107,4347898.110577661
14.809251070435248,650.55914,299264.546799107,4347868.110577661
14.85167747730644,650.4764,299294.546799107,4347838.110577661
14.894103884177634,650.99927,299324.546799107,4347808.110577661
14.936530291048827,650.9705,299354.546799107,4347778.110577661
14.978956697920019,650.1052,299324.546799107,4347748.110577661
15.021383104791212,649.8498,299294.546799107,4347718.110577661
15.051383104791212,650.2254,299294.546799107,4347688.110577661
15.093809511662405,650.4894,299324.546799107,4347658.110577661
15.136235918533597,650.39764,299354.546799107,4347628.110577661
15.17866232540479,650.8841,299384.546799107,4347598.110577661
15.20866232540479,651.1563,299384.546799107,4347568.110577661
15.23866232540479,651.1332,299384.546799107,4347538.110577661
15.26866232540479,650.4482,299384.546799107,4347508.110577661
15.29866232540479,649.41187,299384.546799107,4347478.110577661
15.32866232540479,648.9621,299384.546799107,4347448.110577661
15.35866232540479,648.897,299384.546799107,4347418.110577661
15.38866232540479,648.9648,299384.546799107,4347388.110577661
15.41866232540479,649.55035,299384.546799107,4347358.110577661
15.44866232540479,650.0,299384.546799107,4347328.110577661
15.491088732275983,649.6298,299354.546799107,4347298.110577661
15.521088732275983,648.33057,299354.546799107,4347268.110577661
15.563515139147176,647.59247,299324.546799107,4347238.110577661
15.593515139147176,647.04425,299324.546799107,4347208.110577661
15.623515139147175,646.9654,299324.546799107,4347178.110577661
15.665941546018368,647.34045,299294.546799107,4347148.110577661
15.70836795288956,647.4065,299264.546799107,4347118.110577661
15.750794359760754,648.1344,299234.546799107,4347088.110577661
15.793220766631947,646.94934,299204.546799107,4347058.110577661
15.835647173503139,646.51733,299174.546799107,4347028.110577661
15.86564717350314,647.6429,299174.546799107,4346998.110577661
15.89564717350314,648.1606,299174.546799107,4346968.110577661
15.925647173503139,647.7533,299174.546799107,4346938.110577661
15.968073580374332,646.7355,299204.546799107,4346908.110577661
16.010499987245524,645.8113,299174.546799107,4346878.110577661
16.052926394116717,646.4276,299144.546799107,4346848.110577661
16.09535280098791,646.27637,299174.546799107,4346818.110577661
16.137779207859104,646.5491,299204.546799107,4346788.110577661
16.180205614730294,646.6335,299174.546799107,4346758.110577661
16.222632021601488,646.0859,299144.546799107,4346728.110577661
16.25263202160149,645.61206,299144.546799107,4346698.110577661
16.295058428472682,644.4975,299174.546799107,4346668.110577661
16.32505842847268,646.72675,299174.546799107,4346638.110577661
16.367484835343873,646.83374,299144.546799107,4346608.110577661
16.39748483534387,646.1379,299144.546799107,4346578.110577661
16.439911242215064,646.0593,299174.546799107,4346548.110577661
16.482337649086258,644.69586,299204.546799107,4346518.110577661
16.52476405595745,643.69653,299174.546799107,4346488.110577661
16.56719046282864,643.6026,299204.546799107,4346458.110577661
16.597190462828642,643.9329,299204.546799107,4346428.110577661
16.627190462828644,643.20667,299204.546799107,4346398.110577661
16.669616869699837,643.61255,299174.546799107,4346368.110577661
16.699616869699835,643.8776,299174.546799107,4346338.110577661
16.742043276571028,643.23987,299144.546799107,4346308.110577661
16.77204327657103,643.4509,299144.546799107,4346278.110577661
16.802043276571027,643.8798,299144.546799107,4346248.110577661
16.84446968344222,643.9798,299114.546799107,4346218.110577661
16.886896090313414,644.0,299144.546799107,4346188.110577661
16.929322497184607,643.6101,299174.546799107,4346158.110577661
16.95932249718461,643.1396,299174.546799107,4346128.110577661
16.989322497184606,643.16345,299174.546799107,4346098.110577661
17.019322497184607,643.27527,299174.546799107,4346068.110577661
17.04932249718461,643.6305,299174.546799107,4346038.110577661
17.091748904055798,643.8012,299144.546799107,4346008.110577661
17.1217489040558,642.90314,299114.546799107,4346008.110577661
17.164175310926993,641.72144,299084.546799107,4345978.110577661
17.206601717798186,641.51013,299054.546799107,4345948.110577661
17.249028124669376,639.49866,299024.546799107,4345918.110577661
17.29145453154057,638.00287,298994.546799107,4345888.110577661
17.333880938411763,637.8246,298964.546799107,4345858.110577661
17.376307345282957,638.77734,298934.546799107,4345828.110577661
17.41873375215415,639.9905,298904.546799107,4345798.110577661
17.448733752154148,639.85376,298904.546799107,4345768.110577661
17.49116015902534,641.3179,298934.546799107,4345738.110577661
17.533586565896535,641.6534,298964.546799107,4345708.110577661
17.563586565896536,641.83014,298964.546799107,4345678.110577661
17.593586565896533,641.20514,298964.546799107,4345648.110577661
17.623586565896534,640.2394,298964.546799107,4345618.110577661
17.653586565896536,639.9146,298964.546799107,4345588.110577661
17.696012972767726,640.0883,298994.546799107,4345558.110577661
17.726012972767727,640.5501,298994.546799107,4345528.110577661
17.76843937963892,640.7367,299024.546799107,4345498.110577661
17.810865786510114,639.0327,299054.546799107,4345468.110577661
17.853292193381304,638.9911,299084.546799107,4345438.110577661
17.895718600252497,638.4812,299054.546799107,4345408.110577661
17.93814500712369,637.73645,299084.546799107,4345378.110577661
17.980571413994884,639.34344,299114.546799107,4345348.110577661
18.022997820866077,638.70715,299144.546799107,4345318.110577661
18.052997820866075,638.0765,299144.546799107,4345288.110577661
18.09542422773727,637.5177,299174.546799107,4345258.110577661
18.137850634608462,637.1599,299204.546799107,4345228.110577661
18.180277041479656,637.4518,299234.546799107,4345198.110577661
18.210277041479653,636.6827,299264.546799107,4345198.110577661
18.252703448350847,636.1779,299294.546799107,4345168.110577661
18.282703448350848,635.5012,299324.546799107,4345168.110577661
18.32512985522204,635.5025,299354.546799107,4345138.110577661
18.36755626209323,635.0,299384.546799107,4345108.110577661
18.409982668964425,635.3797,299414.546799107,4345078.110577661
18.452409075835618,635.3078,299444.546799107,4345048.110577661
18.49483548270681,634.0,299474.546799107,4345018.110577661
18.52483548270681,633.8587,299474.546799107,4344988.110577661
18.567261889578003,633.49286,299444.546799107,4344958.110577661
18.597261889578004,632.84265,299444.546799107,4344928.110577661
18.639688296449197,632.7373,299414.546799107,4344898.110577661
18.669688296449195,632.3657,299414.546799107,4344868.110577661
18.699688296449196,633.1313,299414.546799107,4344838.110577661
18.729688296449197,633.18475,299414.546799107,4344808.110577661
18.77211470332039,634.0556,299444.546799107,4344778.110577661
18.81454111019158,633.96625,299474.546799107,4344748.110577661
18.856967517062774,633.9755,299444.546799107,4344718.110577661
18.886967517062775,633.46014,299444.546799107,4344688.110577661
18.92939392393397,632.3091,299474.546799107,4344658.110577661
18.97182033080516,631.9313,299504.546799107,4344628.110577661
19.014246737676352,633.6474,299534.546799107,4344598.110577661
19.056673144547545,634.1176,299564.546799107,4344568.110577661
19.09909955141874,632.52747,299594.546799107,4344538.110577661
19.129099551418737,631.43256,299624.546799107,4344538.110577661
19.17152595828993,631.90063,299654.546799107,4344568.110577661
19.213952365161123,629.3161,299684.546799107,4344538.110577661
19.256378772032317,631.44476,299714.546799107,4344508.110577661
19.29880517890351,632.2424,299744.546799107,4344478.110577661
19.328805178903508,632.2874,299744.546799107,4344448.110577661
19.3712315857747,632.27905,299774.546799107,4344418.110577661
19.413657992645895,632.2999,299744.546799107,4344388.110577661
19.443657992645896,631.7317,299744.546799107,4344358.110577661
19.473657992645894,631.0531,299744.546799107,4344328.110577661
19.503657992645895,630.5273,299744.546799107,4344298.110577661
19.533657992645896,630.5046,299744.546799107,4344268.110577661
19.576084399517086,630.2032,299774.546799107,4344238.110577661
19.61851080638828,629.4025,299804.546799107,4344208.110577661
19.64851080638828,630.36676,299804.546799107,4344178.110577661
19.67851080638828,630.72485,299804.546799107,4344148.110577661
19.72093721325947,628.7519,299834.546799107,4344118.110577661
19.763363620130665,628.13306,299804.546799107,4344088.110577661
19.80579002700186,627.4609,299834.546799107,4344058.110577661
19.848216433873052,626.96277,299804.546799107,4344028.110577661
19.87821643387305,626.7723,299804.546799107,4343998.110577661
19.920642840744243,628.0512,299834.546799107,4343968.110577661
19.963069247615437,627.41614,299864.546799107,4343938.110577661
19.993069247615438,626.47784,299864.546799107,4343908.110577661
20.035495654486628,627.8023,299834.546799107,4343878.110577661
20.07792206135782,627.99506,299864.546799107,4343848.110577661
20.107922061357822,628.1133,299864.546799107,4343818.110577661
20.137922061357823,628.1318,299864.546799107,4343788.110577661
20.180348468229013,628.13495,299894.546799107,4343758.110577661
20.222774875100207,627.11707,299924.546799107,4343728.110577661
20.252774875100208,625.8799,299924.546799107,4343698.110577661
20.2952012819714,625.0398,299954.546799107,4343668.110577661
20.33762768884259,626.33997,299984.546799107,4343638.110577661
20.380054095713785,626.8123,300014.546799107,4343608.110577661
20.42248050258498,626.27704,299984.546799107,4343578.110577661
20.46490690945617,626.3688,299954.546799107,4343548.110577661
20.507333316327365,626.2912,299924.546799107,4343518.110577661
20.549759723198555,625.6688,299954.546799107,4343488.110577661
20.579759723198556,626.6424,299954.546799107,4343458.110577661
20.62218613006975,626.4192,299984.546799107,4343428.110577661
20.664612536940943,625.44824,299954.546799107,4343398.110577661
20.707038943812133,624.52606,299924.546799107,4343368.110577661
20.749465350683327,622.59424,299894.546799107,4343338.110577661
20.79189175755452,623.5838,299864.546799107,4343308.110577661
20.834318164425714,623.9901,299894.546799107,4343278.110577661
20.876744571296907,625.02405,299924.546799107,4343248.110577661
20.919170978168097,625.4511,299954.546799107,4343218.110577661
20.96159738503929,625.44684,299984.546799107,4343188.110577661
21.004023791910484,624.51117,300014.546799107,4343158.110577661
21.034023791910485,622.6268,300014.546799107,4343128.110577661
21.076450198781675,624.2922,299984.546799107,4343098.110577661
21.11887660565287,623.97833,300014.546799107,4343068.110577661
21.161303012524062,624.2767,300044.546799107,4343038.110577661
21.203729419395255,624.51556,300074.546799107,4343008.110577661
21.24615582626645,624.1503,300104.546799107,4342978.110577661
21.276155826266447,624.07104,300104.546799107,4342948.110577661
21.306155826266448,623.3929,300104.546799107,4342918.110577661
21.34858223313764,622.1113,300074.546799107,4342888.110577661
21.391008640008835,622.0484,300104.546799107,4342858.110577661
21.433435046880025,622.5577,300134.546799107,4342828.110577661
21.463435046880026,623.0,300134.546799107,4342798.110577661
21.50586145375122,622.34204,300164.546799107,4342768.110577661
21.548287860622413,621.3284,300194.546799107,4342738.110577661
21.590714267493603,618.9108,300224.546799107,4342708.110577661
21.620714267493604,618.89307,300224.546799107,4342678.110577661
21.650714267493605,619.8452,300224.546799107,4342648.110577661
21.6931406743648,620.2237,300254.546799107,4342618.110577661
21.723140674364796,620.3054,300254.546799107,4342588.110577661
21.753140674364797,619.6097,300254.546799107,4342558.110577661
21.783140674364798,618.79333,300254.546799107,4342528.110577661
21.813140674364796,618.74255,300254.546799107,4342498.110577661
21.85556708123599,618.96375,300284.546799107,4342468.110577661
21.897993488107183,619.67633,300314.546799107,4342438.110577661
21.940419894978376,618.3391,300344.546799107,4342408.110577661
21.982846301849566,619.34265,300314.546799107,4342378.110577661
22.02527270872076,617.7171,300344.546799107,4342348.110577661
22.067699115591953,619.0689,300374.546799107,4342318.110577661
22.110125522463147,618.83026,300404.546799107,4342288.110577661
22.15255192933434,616.4733,300434.546799107,4342258.110577661
22.19497833620553,618.5312,300464.546799107,4342228.110577661
22.237404743076723,619.99084,300494.546799107,4342198.110577661
22.279831149947917,620.05927,300524.546799107,4342168.110577661
22.309831149947918,619.4783,300524.546799107,4342138.110577661
22.339831149947916,619.08746,300524.546799107,4342108.110577661
22.38225755681911,618.3871,300494.546799107,4342078.110577661
22.424683963690303,616.4782,300464.546799107,4342048.110577661
22.467110370561496,614.40845,300434.546799107,4342018.110577661
22.497110370561494,613.82526,300434.546799107,4341988.110577661
22.539536777432687,612.93176,300464.546799107,4341958.110577661
22.56953677743269,614.38513,300464.546799107,4341928.110577661
22.59953677743269,614.9781,300464.546799107,4341898.110577661
22.629536777432687,614.44995,300464.546799107,4341868.110577661
22.67196318430388,614.1982,300434.546799107,4341838.110577661
22.714389591175074,614.0851,300404.546799107,4341808.110577661
22.756815998046267,614.67096,300374.546799107,4341778.110577661
22.799242404917457,613.764,300344.546799107,4341748.110577661
22.84166881178865,614.1393,300314.546799107,4341718.110577661
22.871668811788652,614.68884,300314.546799107,4341688.110577661
22.914095218659845,612.83435,300344.546799107,4341658.110577661
22.944095218659843,612.3443,300344.546799107,4341628.110577661
22.974095218659844,612.0997,300344.546799107,4341598.110577661
23.004095218659845,612.5903,300344.546799107,4341568.110577661
23.034095218659843,613.5703,300344.546799107,4341538.110577661
23.064095218659844,614.69794,300344.546799107,4341508.110577661
23.106521625531038,612.63885,300374.546799107,4341478.110577661
23.13652162553104,614.24615,300374.546799107,4341448.110577661
23.17894803240223,612.5565,300404.546799107,4341418.110577661
23.20894803240223,613.2199,300404.546799107,4341388.110577661
23.23894803240223,613.31323,300404.546799107,4341358.110577661
23.26894803240223,613.2448,300404.546799107,4341328.110577661
23.311374439273422,614.1288,300434.546799107,4341298.110577661
23.353800846144615,614.3865,300464.546799107,4341268.110577661
23.383800846144617,614.99927,300464.546799107,4341238.110577661
23.426227253015806,614.0009,300434.546799107,4341208.110577661
23.456227253015808,614.0,300434.546799107,4341178.110577661
23.498653659887,613.64246,300404.546799107,4341148.110577661
23.541080066758195,613.0633,300374.546799107,4341118.110577661
23.571080066758192,613.26917,300344.546799107,4341118.110577661
23.613506473629386,612.8351,300314.546799107,4341088.110577661
23.643506473629387,613.40967,300284.546799107,4341088.110577661
23.68593288050058,611.3823,300254.546799107,4341118.110577661
23.715932880500578,610.39307,300224.546799107,4341118.110577661
23.75835928737177,613.21027,300194.546799107,4341088.110577661
23.800785694242965,613.25085,300164.546799107,4341058.110577661
23.84321210111416,610.28955,300134.546799107,4341028.110577661
23.873212101114156,612.0917,300134.546799107,4340998.110577661
23.903212101114157,613.6704,300134.546799107,4340968.110577661
23.933212101114158,613.64777,300134.546799107,4340938.110577661
23.97563850798535,613.6106,300164.546799107,4340908.110577661
24.01806491485654,613.03394,300134.546799107,4340878.110577661
24.048064914856543,611.55255,300134.546799107,4340848.110577661
24.078064914856544,611.0493,300134.546799107,4340818.110577661
24.120491321727734,611.8091,300164.546799107,4340788.110577661
24.162917728598927,610.54694,300194.546799107,4340758.110577661
24.20534413547012,608.7715,300164.546799107,4340728.110577661
24.235344135470122,607.9391,300164.546799107,4340698.110577661
24.277770542341315,607.5436,300194.546799107,4340668.110577661
24.320196949212505,609.8267,300224.546799107,4340638.110577661
24.3626233560837,609.0464,300254.546799107,4340608.110577661
24.405049762954892,606.1014,300284.546799107,4340578.110577661
24.435049762954893,606.87335,300314.546799107,4340578.110577661
24.46504976295489,606.7985,300344.546799107,4340578.110577661
24.495049762954892,606.59186,300374.546799107,4340578.110577661
24.525049762954893,607.0283,300404.546799107,4340578.110577661
24.55504976295489,607.00964,300434.546799107,4340578.110577661
24.585049762954892,606.605,300464.546799107,4340578.110577661
24.615049762954893,607.41064,300494.546799107,4340578.110577661
24.657476169826083,606.7547,300524.546799107,4340548.110577661
24.699902576697276,607.4616,300554.546799107,4340518.110577661
24.74232898356847,606.0851,300584.546799107,4340488.110577661
24.77232898356847,606.13116,300584.546799107,4340458.110577661
24.814755390439664,606.5774,300554.546799107,4340428.110577661
24.857181797310854,606.11615,300524.546799107,4340398.110577661
24.899608204182048,605.5473,300494.546799107,4340368.110577661
24.94203461105324,605.83887,300464.546799107,4340338.110577661
24.984461017924435,604.98956,300434.546799107,4340308.110577661
25.026887424795625,604.9064,300404.546799107,4340278.110577661
25.06931383166682,605.9402,300434.546799107,4340248.110577661
25.11174023853801,605.6246,300464.546799107,4340218.110577661
25.154166645409205,605.31683,300494.546799107,4340188.110577661
25.1965930522804,606.6123,300524.546799107,4340158.110577661
25.23901945915159,602.6765,300554.546799107,4340128.110577661
25.281445866022782,603.25037,300524.546799107,4340098.110577661
25.311445866022783,601.30365,300524.546799107,4340068.110577661
25.353872272893977,600.55286,300494.546799107,4340038.110577661
25.396298679765167,602.1771,300464.546799107,4340008.110577661
25.426298679765168,601.15326,300464.546799107,4339978.110577661
25.45629867976517,603.00055,300464.546799107,4339948.110577661
25.48629867976517,603.49335,300464.546799107,4339918.110577661
25.516298679765168,601.0869,300464.546799107,4339888.110577661
25.54629867976517,599.37054,300464.546799107,4339858.110577661
25.57629867976517,599.0,300464.546799107,4339828.110577661
25.61872508663636,601.302,300434.546799107,4339798.110577661
25.64872508663636,599.60004,300434.546799107,4339768.110577661
25.691151493507554,598.55756,300404.546799107,4339738.110577661
25.733577900378748,597.669,300374.546799107,4339708.110577661
25.776004307249938,600.30994,300344.546799107,4339678.110577661
25.80600430724994,600.768,300344.546799107,4339648.110577661
25.848430714121132,599.6915,300314.546799107,4339618.110577661
25.878430714121134,597.7831,300314.546799107,4339588.110577661
25.90843071412113,599.09906,300314.546799107,4339558.110577661
25.950857120992325,598.5294,300344.546799107,4339528.110577661
25.993283527863518,598.6674,300374.546799107,4339498.110577661
26.02328352786352,601.0727,300374.546799107,4339468.110577661
26.053283527863517,600.5429,300374.546799107,4339438.110577661
26.083283527863518,599.45685,300374.546799107,4339408.110577661
26.11328352786352,599.1137,300374.546799107,4339378.110577661
26.15570993473471,599.85315,300344.546799107,4339348.110577661
26.198136341605903,600.3894,300314.546799107,4339318.110577661
26.240562748477096,600.6008,300344.546799107,4339288.110577661
26.270562748477097,601.35455,300344.546799107,4339258.110577661
26.312989155348287,599.4876,300314.546799107,4339228.110577661
26.35541556221948,597.4329,300284.546799107,4339198.110577661
26.397841969090674,598.5189,300254.546799107,4339168.110577661
26.440268375961868,597.21906,300224.546799107,4339138.110577661
26.48269478283306,597.57837,300194.546799107,4339108.110577661
26.52512118970425,598.3909,300164.546799107,4339078.110577661
26.567547596575444,597.6841,300194.546799107,4339048.110577661
26.597547596575446,598.00616,300194.546799107,4339018.110577661
26.627547596575447,598.15204,300194.546799107,4338988.110577661
26.657547596575444,598.6846,300194.546799107,4338958.110577661
26.687547596575445,599.4407,300194.546799107,4338928.110577661
26.717547596575447,598.3128,300194.546799107,4338898.110577661
26.759974003446636,598.5648,300164.546799107,4338868.110577661
26.80240041031783,599.0,300134.546799107,4338838.110577661
26.83240041031783,599.4876,300134.546799107,4338808.110577661
26.874826817189025,597.9552,300104.546799107,4338778.110577661
26.917253224060214,598.4039,300074.546799107,4338748.110577661
26.959679630931408,599.2481,300044.546799107,4338718.110577661
26.98967963093141,599.08,300044.546799107,4338688.110577661
27.01967963093141,598.38586,300044.546799107,4338658.110577661
27.049679630931408,599.20917,300044.546799107,4338628.110577661
27.07967963093141,599.29974,300044.546799107,4338598.110577661
27.122106037802602,598.10486,300014.546799107,4338568.110577661
27.164532444673792,597.12195,299984.546799107,4338538.110577661
27.194532444673793,597.3627,299984.546799107,4338508.110577661
27.236958851544987,597.9868,300014.546799107,4338478.110577661
27.266958851544988,597.45905,300014.546799107,4338448.110577661
27.309385258416178,596.0064,299984.546799107,4338418.110577661
27.35181166528737,595.7935,299954.546799107,4338388.110577661
27.394238072158565,595.85,299924.546799107,4338358.110577661
27.43666447902976,596.0925,299894.546799107,4338328.110577661
27.479090885900952,596.1191,299864.546799107,4338358.110577661
27.521517292772142,595.0361,299834.546799107,4338328.110577661
27.563943699643335,595.84265,299804.546799107,4338298.110577661
27.593943699643336,595.52826,299804.546799107,4338268.110577661
27.623943699643338,594.2184,299804.546799107,4338238.110577661
27.653943699643335,592.81854,299804.546799107,4338208.110577661
27.683943699643336,592.50507,299804.546799107,4338178.110577661
27.713943699643337,592.8489,299804.546799107,4338148.110577661
27.756370106514527,590.946,299774.546799107,4338118.110577661
27.79879651338572,589.28015,299744.546799107,4338088.110577661
27.841222920256914,587.9484,299714.546799107,4338058.110577661
27.883649327128108,591.55005,299684.546799107,4338028.110577661
27.913649327128105,591.6166,299684.546799107,4337998.110577661
27.943649327128107,591.7834,299684.546799107,4337968.110577661
27.973649327128108,591.7999,299684.546799107,4337938.110577661
28.0160757339993,592.3006,299654.546799107,4337908.110577661
28.0460757339993,592.1931,299624.546799107,4337908.110577661
28.088502140870492,590.3743,299594.546799107,4337878.110577661
28.118502140870493,589.4514,299564.546799107,4337878.110577661
28.160928547741687,589.43304,299534.546799107,4337848.110577661
28.203354954612877,587.734,299504.546799107,4337818.110577661
28.233354954612878,587.5619,299474.546799107,4337818.110577661
28.26335495461288,586.21356,299444.546799107,4337818.110577661
28.293354954612877,585.23944,299414.546799107,4337818.110577661
28.33578136148407,584.1926,299384.546799107,4337788.110577661
28.378207768355264,585.64484,299354.546799107,4337758.110577661
28.420634175226457,587.4592,299324.546799107,4337728.110577661
28.46306058209765,585.666,299294.546799107,4337698.110577661
28.50548698896884,583.2061,299264.546799107,4337668.110577661
28.53548698896884,584.0066,299234.546799107,4337668.110577661
28.577913395840035,582.7337,299204.546799107,4337638.110577661
28.62033980271123,583.0593,299174.546799107,4337608.110577661
28.66276620958242,584.49414,299144.546799107,4337578.110577661
28.69276620958242,585.4695,299114.546799107,4337578.110577661
28.735192616453613,585.35315,299084.546799107,4337548.110577661
28.765192616453614,583.6782,299054.546799107,4337548.110577661
28.795192616453612,582.4395,299024.546799107,4337548.110577661
28.837619023324805,583.24756,298994.546799107,4337578.110577661
28.880045430196,581.1037,298964.546799107,4337608.110577661
28.922471837067192,579.3949,298934.546799107,4337638.110577661
28.964898243938382,581.91534,298904.546799107,4337668.110577661
28.994898243938383,581.7202,298874.546799107,4337668.110577661
29.024898243938384,582.21924,298844.546799107,4337668.110577661
29.054898243938382,585.01044,298814.546799107,4337668.110577661
29.097324650809576,582.4073,298784.546799107,4337638.110577661
29.13975105768077,581.39575,298754.546799107,4337608.110577661
29.182177464551962,582.55835,298724.546799107,4337578.110577661
29.224603871423156,581.485,298754.546799107,4337548.110577661
29.254603871423154,582.98773,298754.546799107,4337518.110577661
29.284603871423155,583.482,298754.546799107,4337488.110577661
29.314603871423156,583.52,298754.546799107,4337458.110577661
29.357030278294346,583.12506,298724.546799107,4337428.110577661
29.387030278294347,582.8042,298724.546799107,4337398.110577661
29.42945668516554,580.6765,298694.546799107,4337368.110577661
29.45945668516554,580.26196,298664.546799107,4337368.110577661
29.48945668516554,580.28204,298634.546799107,4337368.110577661
29.531883092036733,575.69525,298604.546799107,4337338.110577661
29.574309498907926,575.6183,298574.546799107,4337308.110577661
29.61673590577912,578.1601,298544.546799107,4337278.110577661
29.65916231265031,579.3711,298514.546799107,4337248.110577661
29.701588719521503,579.499,298484.546799107,4337218.110577661
29.744015126392696,582.4918,298454.546799107,4337188.110577661
29.78644153326389,582.43665,298424.546799107,4337158.110577661
29.828867940135083,581.1582,298454.546799107,4337128.110577661
29.871294347006273,580.2353,298424.546799107,4337098.110577661
29.913720753877467,579.5528,298394.546799107,4337068.110577661
29.95614716074866,577.9098,298364.546799107,4337038.110577661
29.98614716074866,578.78375,298364.546799107,4337008.110577661
30.02857356761985,579.5304,298334.546799107,4336978.110577661
30.070999974491045,578.3804,298304.546799107,4336948.110577661
30.11342638136224,578.91046,298274.546799107,4336918.110577661
30.15585278823343,579.5622,298244.546799107,4336888.110577661
30.198279195104625,578.8056,298214.546799107,4336858.110577661
30.228279195104623,578.0666,298184.546799107,4336858.110577661
30.258279195104624,577.99255,298154.546799107,4336858.110577661
30.288279195104625,577.03174,298124.546799107,4336858.110577661
30.318279195104623,575.831,298094.546799107,4336858.110577661
30.360705601975816,573.59656,298064.546799107,4336828.110577661
30.40313200884701,573.87274,298034.546799107,4336798.110577661
30.445558415718203,575.1703,298004.546799107,4336768.110577661
30.4755584157182,575.2676,298004.546799107,4336738.110577661
30.505558415718202,575.09186,298004.546799107,4336708.110577661
30.547984822589395,575.9627,297974.546799107,4336678.110577661
30.577984822589396,576.06775,297944.546799107,4336678.110577661
30.607984822589394,575.4762,297914.546799107,4336678.110577661
30.637984822589395,574.43146,297884.546799107,4336678.110577661
30.667984822589396,575.95544,297854.546799107,4336678.110577661
30.710411229460586,574.6842,297824.546799107,4336648.110577661
30.75283763633178,574.5256,297794.546799107,4336618.110577661
30.795264043202973,574.6586,297764.546799107,4336588.110577661
30.837690450074167,573.80566,297734.546799107,4336618.110577661
30.867690450074164,571.684,297704.546799107,4336618.110577661
30.910116856945358,570.31903,297674.546799107,4336648.110577661
30.95254326381655,566.4609,297644.546799107,4336618.110577661
30.994969670687745,568.2312,297614.546799107,4336588.110577661
31.037396077558938,570.40454,297584.546799107,4336558.110577661
31.079822484430128,568.581,297554.546799107,4336528.110577661
31.12224889130132,569.64606,297524.546799107,4336498.110577661
31.152248891301323,570.1806,297524.546799107,4336468.110577661
31.194675298172516,569.37115,297554.546799107,4336438.110577661
31.237101705043706,570.03784,297584.546799107,4336408.110577661
31.267101705043707,569.4916,297584.546799107,4336378.110577661
31.29710170504371,570.0184,297584.546799107,4336348.110577661
31.327101705043706,569.41766,297584.546799107,4336318.110577661
31.3695281119149,570.5121,297554.546799107,4336288.110577661
31.411954518786093,570.77106,297524.546799107,4336258.110577661
31.454380925657286,567.91394,297494.546799107,4336228.110577661
31.49680733252848,567.8948,297464.546799107,4336198.110577661
31.53923373939967,570.19666,297434.546799107,4336168.110577661
31.581660146270863,570.0511,297404.546799107,4336138.110577661
31.624086553142057,567.89417,297374.546799107,4336108.110577661
31.66651296001325,567.581,297344.546799107,4336078.110577661
31.708939366884444,566.1352,297314.546799107,4336048.110577661
31.751365773755634,565.6069,297284.546799107,4336018.110577661
31.793792180626827,566.3469,297254.546799107,4335988.110577661
31.82379218062683,568.0263,297254.546799107,4335958.110577661
31.85379218062683,568.0794,297254.546799107,4335928.110577661
31.89621858749802,566.5792,297224.546799107,4335898.110577661
31.938644994369213,565.82007,297194.546799107,4335868.110577661
31.981071401240406,566.3676,297164.546799107,4335898.110577661
32.0234978081116,565.26587,297134.546799107,4335868.110577661
32.06592421498279,566.9517,297104.546799107,4335838.110577661
32.10835062185399,566.08795,297074.546799107,4335808.110577661
32.15077702872518,566.5299,297044.546799107,4335778.110577661
32.19320343559637,565.9211,297014.546799107,4335748.110577661
32.23562984246756,566.65356,296984.546799107,4335778.110577661
32.27805624933875,566.4092,296954.546799107,4335808.110577661
32.32048265620995,566.3215,296924.546799107,4335838.110577661
32.36290906308114,565.23846,296894.546799107,4335808.110577661
32.405335469952334,563.77637,296864.546799107,4335778.110577661
32.44776187682353,565.67596,296834.546799107,4335748.110577661
32.49018828369472,566.9227,296804.546799107,4335718.110577661
32.52018828369472,565.65753,296804.546799107,4335688.110577661
32.56261469056591,565.27155,296774.546799107,4335658.110577661
32.6050410974371,564.1834,296744.546799107,4335628.110577661
32.647467504308295,560.9877,296714.546799107,4335598.110577661
32.68989391117949,563.3387,296684.546799107,4335568.110577661
32.71989391117949,566.071,296684.546799107,4335538.110577661
32.76232031805068,566.2259,296714.546799107,4335508.110577661
32.792320318050685,566.0291,296714.546799107,4335478.110577661
32.822320318050686,564.76965,296714.546799107,4335448.110577661
32.85232031805068,564.3206,296714.546799107,4335418.110577661
32.89474672492187,565.14166,296684.546799107,4335388.110577661
32.93717313179307,565.237,296654.546799107,4335358.110577661
32.97959953866426,564.98047,296624.546799107,4335328.110577661
33.022025945535454,564.2986,296594.546799107,4335298.110577661
33.06445235240665,563.9243,296564.546799107,4335268.110577661
33.09445235240665,561.75183,296564.546799107,4335238.110577661
33.12445235240665,561.29236,296564.546799107,4335208.110577661
33.166878759277836,562.09546,296534.546799107,4335178.110577661
33.20930516614903,562.0,296504.546799107,4335148.110577661
33.23930516614903,561.4894,296474.546799107,4335148.110577661
33.281731573020224,559.47107,296444.546799107,4335118.110577661
33.32415797989142,559.0,296414.546799107,4335088.110577661
33.36658438676261,558.6202,296384.546799107,4335058.110577661
33.409010793633804,560.4948,296354.546799107,4335028.110577661
33.451437200505,560.83356,296324.546799107,4334998.110577661
33.49386360737619,558.0379,296294.546799107,4334968.110577661
33.53629001424738,557.0981,296264.546799107,4334938.110577661
33.56629001424738,558.0314,296264.546799107,4334908.110577661
33.60871642111857,560.66235,296294.546799107,4334878.110577661
33.651142827989766,561.2034,296324.546799107,4334848.110577661
33.68114282798977,560.1766,296324.546799107,4334818.110577661
33.71114282798977,558.46533,296324.546799107,4334788.110577661
33.74114282798977,557.4776,296324.546799107,4334758.110577661
33.78356923486096,558.7035,296294.546799107,4334728.110577661
33.81356923486096,558.81,296264.546799107,4334728.110577661
33.85599564173215,558.91907,296234.546799107,4334698.110577661
33.898422048603344,557.17255,296204.546799107,4334668.110577661
33.94084845547454,556.32605,296234.546799107,4334638.110577661
33.97084845547454,556.3703,296234.546799107,4334608.110577661
34.01327486234573,557.248,296204.546799107,4334578.110577661
34.055701269216925,557.1729,296174.546799107,4334548.110577661
34.085701269216926,556.93964,296144.546799107,4334548.110577661
34.11570126921692,556.272,296114.546799107,4334548.110577661
34.14570126921692,555.7524,296084.546799107,4334548.110577661
34.188127676088115,553.83795,296054.546799107,4334518.110577661
34.23055408295931,554.3071,296024.546799107,4334488.110577661
34.2729804898305,554.0665,295994.546799107,4334458.110577661
34.315406896701695,554.5172,295964.546799107,4334428.110577661
34.35783330357289,554.26483,295934.546799107,4334398.110577661
34.40025971044408,553.4057,295904.546799107,4334368.110577661
34.44268611731527,555.3116,295874.546799107,4334338.110577661
34.48511252418646,555.6876,295844.546799107,4334308.110577661
34.527538931057656,554.50507,295814.546799107,4334278.110577661
34.55753893105766,554.1878,295784.546799107,4334278.110577661
34.59996533792885,554.9462,295754.546799107,4334248.110577661
34.642391744800044,556.35767,295724.546799107,4334218.110577661
34.68481815167124,555.4203,295694.546799107,4334188.110577661
34.72724455854243,554.3423,295664.546799107,4334158.110577661
34.769670965413624,551.1771,295634.546799107,4334128.110577661
34.81209737228481,550.4378,295604.546799107,4334098.110577661
34.854523779156004,551.817,295574.546799107,4334068.110577661
34.8969501860272,554.1746,295544.546799107,4334038.110577661
34.93937659289839,554.9133,295514.546799107,4334008.110577661
34.981802999769585,552.976,295484.546799107,4333978.110577661
35.02422940664078,552.88403,295454.546799107,4333948.110577661
35.06665581351197,551.18256,295424.546799107,4333918.110577661
35.109082220383165,553.51575,295394.546799107,4333888.110577661
35.15150862725436,553.5132,295424.546799107,4333858.110577661
35.19393503412555,553.9999,295394.546799107,4333828.110577661
35.23636144099674,552.4131,295364.546799107,4333798.110577661
35.27878784786793,551.5354,295334.546799107,4333768.110577661
35.321214254739125,551.49475,295304.546799107,4333738.110577661
35.36364066161032,551.66235,295274.546799107,4333708.110577661
35.39364066161032,552.14545,295274.546799107,4333678.110577661
35.42364066161032,552.29144,295274.546799107,4333648.110577661
35.45364066161032,552.25256,295274.546799107,4333618.110577661
35.496067068481516,551.9553,295244.546799107,4333588.110577661
35.5384934753527,550.4258,295214.546799107,4333558.110577661
35.580919882223895,551.6322,295184.546799107,4333528.110577661
35.62334628909509,552.05817,295154.546799107,4333498.110577661
35.66577269596628,552.3242,295124.546799107,4333468.110577661
35.708199102837476,552.0268,295094.546799107,4333438.110577661
35.75062550970867,548.98627,295064.546799107,4333408.110577661
35.79305191657986,550.6855,295034.546799107,4333378.110577661
35.823051916579864,551.9674,295034.546799107,4333348.110577661
35.86547832345106,551.81854,295004.546799107,4333318.110577661
35.89547832345105,549.9514,295004.546799107,4333288.110577661
35.937904730322245,550.78876,294974.546799107,4333258.110577661
35.967904730322246,550.0151,294974.546799107,4333228.110577661
35.99790473032225,551.3816,294974.546799107,4333198.110577661
36.04033113719344,552.05133,294944.546799107,4333168.110577661
36.082757544064634,550.7901,294914.546799107,4333138.110577661
36.112757544064635,551.44855,294884.546799107,4333138.110577661
36.15518395093582,550.8563,294854.546799107,4333108.110577661
36.197610357807015,550.9985,294824.546799107,4333078.110577661
36.24003676467821,549.67004,294794.546799107,4333048.110577661
36.2824631715494,549.8899,294764.546799107,4333018.110577661
36.324889578420596,548.88947,294734.546799107,4332988.110577661
36.36731598529179,547.96265,294704.546799107,4332958.110577661
36.40974239216298,551.4253,294674.546799107,4332928.110577661
36.439742392162984,551.30133,294674.546799107,4332898.110577661
36.48216879903418,551.1956,294644.546799107,4332868.110577661
36.51216879903417,549.9415,294644.546799107,4332838.110577661
36.554595205905365,551.21533,294614.546799107,4332808.110577661
36.584595205905366,551.0388,294614.546799107,4332778.110577661
36.62702161277656,552.15405,294584.546799107,4332748.110577661
36.66944801964775,551.3125,294554.546799107,4332718.110577661
36.699448019647754,550.8993,294554.546799107,4332688.110577661
36.74187442651895,551.6506,294524.546799107,4332658.110577661
36.78430083339014,550.53735,294494.546799107,4332628.110577661
36.814300833390135,550.4475,294494.546799107,4332598.110577661
36.85672724026133,546.91907,294464.546799107,4332568.110577661
36.89915364713252,544.6755,294434.546799107,4332538.110577661
36.941580054003715,547.5726,294404.546799107,4332508.110577661
36.98400646087491,547.1105,294434.546799107,4332478.110577661
37.01400646087491,547.83545,294434.546799107,4332448.110577661
37.0564328677461,547.5334,294464.546799107,4332418.110577661
37.0988592746173,548.01416,294434.546799107,4332388.110577661
37.12885927461729,546.0956,294434.546799107,4332358.110577661
37.171285681488484,547.1225,294404.546799107,4332328.110577661
37.201285681488486,547.9231,294404.546799107,4332298.110577661
37.24371208835968,546.18036,294374.546799107,4332268.110577661
37.28613849523087,546.0,294344.546799107,4332238.110577661
37.328564902102066,546.0,294314.546799107,4332208.110577661
37.35856490210207,546.476,294314.546799107,4332178.110577661
37.40099130897326,547.6328,294284.546799107,4332148.110577661
37.430991308973255,547.0455,294284.546799107,4332118.110577661
37.47341771584445,546.39984,294314.546799107,4332088.110577661
37.51584412271564,547.24567,294284.546799107,4332058.110577661
37.558270529586835,546.40283,294254.546799107,4332028.110577661
37.588270529586836,545.05914,294254.546799107,4331998.110577661
37.63069693645803,546.09216,294224.546799107,4331968.110577661
37.67312334332922,545.0457,294194.546799107,4331938.110577661
37.71554975020042,544.2071,294164.546799107,4331908.110577661
37.75797615707161,544.4574,294134.546799107,4331878.110577661
37.8004025639428,547.89166,294104.546799107,4331848.110577661
37.84282897081399,547.44904,294074.546799107,4331818.110577661
37.88525537768518,546.89166,294044.546799107,4331788.110577661
37.915255377685185,546.6518,294044.546799107,4331758.110577661
37.95768178455638,547.27563,294014.546799107,4331728.110577661
38.00010819142757,545.1766,293984.546799107,4331698.110577661
38.03010819142757,543.6114,293984.546799107,4331668.110577661
38.072534598298766,542.16504,294014.546799107,4331638.110577661
38.11496100516996,541.7052,294044.546799107,4331608.110577661
38.157387412041146,542.3887,294074.546799107,4331578.110577661
38.19981381891234,541.7787,294104.546799107,4331548.110577661
38.24224022578353,543.13025,294134.546799107,4331518.110577661
38.28466663265473,546.046,294164.546799107,4331488.110577661
38.32709303952592,545.36676,294194.546799107,4331458.110577661
38.35709303952592,545.32043,294194.546799107,4331428.110577661
38.399519446397115,547.82825,294164.546799107,4331398.110577661
38.429519446397116,547.62195,294164.546799107,4331368.110577661
38.45951944639711,547.6607,294164.546799107,4331338.110577661
38.5019458532683,545.69446,294194.546799107,4331308.110577661
38.5443722601395,546.24927,294224.546799107,4331278.110577661
38.5743722601395,545.52094,294224.546799107,4331248.110577661
38.61679866701069,546.2729,294254.546799107,4331218.110577661
38.659225073881885,547.9981,294284.546799107,4331188.110577661
38.689225073881886,543.4933,294284.546799107,4331158.110577661
38.71922507388189,540.186,294284.546799107,4331128.110577661
38.74922507388188,541.23517,294284.546799107,4331098.110577661
38.791651480753075,543.9073,294314.546799107,4331068.110577661
38.83407788762427,544.2958,294344.546799107,4331038.110577661
38.87650429449546,543.7716,294374.546799107,4331008.110577661
38.918930701366655,543.6425,294344.546799107,4330978.110577661
38.948930701366656,542.59674,294344.546799107,4330948.110577661
38.97893070136666,542.61865,294344.546799107,4330918.110577661
39.00893070136665,542.26154,294344.546799107,4330888.110577661
39.051357108237845,542.0687,294314.546799107,4330858.110577661
39.081357108237846,540.5987,294284.546799107,4330858.110577661
39.11135710823785,538.2693,294254.546799107,4330858.110577661
39.15378351510904,537.5868,294224.546799107,4330828.110577661
39.18378351510904,538.0,294224.546799107,4330798.110577661
39.226209921980235,537.8881,294194.546799107,4330768.110577661
39.26863632885143,537.94403,294164.546799107,4330738.110577661
39.29863632885142,535.80194,294164.546799107,4330708.110577661
39.341062735722616,535.98364,294134.546799107,4330678.110577661
39.37106273572262,535.85596,294134.546799107,4330648.110577661
39.40106273572262,536.7588,294134.546799107,4330618.110577661
39.43106273572262,537.6617,294134.546799107,4330588.110577661
39.47348914259381,536.2275,294164.546799107,4330558.110577661
39.503489142593814,537.5624,294164.546799107,4330528.110577661
39.53348914259381,538.4154,294164.546799107,4330498.110577661
39.56348914259381,537.6803,294164.546799107,4330468.110577661
39.59348914259381,536.42456,294164.546799107,4330438.110577661
39.62348914259381,536.8671,294164.546799107,4330408.110577661
39.665915549465005,535.547,294194.546799107,4330378.110577661
39.695915549465006,537.69586,294194.546799107,4330348.110577661
39.72591554946501,537.882,294194.546799107,4330318.110577661
39.755915549465,537.2411,294194.546799107,4330288.110577661
39.785915549465,536.261,294194.546799107,4330258.110577661
39.815915549465004,535.81226,294194.546799107,4330228.110577661
39.845915549465005,536.8104,294194.546799107,4330198.110577661
39.875915549465006,536.9623,294194.546799107,4330168.110577661
39.9183419563362,536.457,294224.546799107,4330138.110577661
39.96076836320739,536.27576,294254.546799107,4330108.110577661
39.99076836320739,535.67883,294254.546799107,4330078.110577661
40.03319477007858,538.0127,294224.546799107,4330048.110577661
40.06319477007858,536.8938,294224.546799107,4330018.110577661
40.09319477007858,535.3767,294224.546799107,4329988.110577661
40.135621176949776,535.50055,294194.546799107,4329958.110577661
40.17804758382097,535.4681,294164.546799107,4329928.110577661
40.22047399069216,537.0047,294134.546799107,4329898.110577661
40.25047399069216,537.0,294134.546799107,4329868.110577661
40.29290039756335,536.82623,294164.546799107,4329838.110577661
40.335326804434544,537.3263,294194.546799107,4329808.110577661
40.365326804434545,538.129,294194.546799107,4329778.110577661
40.40775321130574,533.7657,294224.546799107,4329748.110577661
40.43775321130574,535.55493,294224.546799107,4329718.110577661
40.46775321130574,536.41113,294224.546799107,4329688.110577661
40.49775321130574,536.83307,294224.546799107,4329658.110577661
40.527753211305736,537.91394,294224.546799107,4329628.110577661
40.55775321130574,538.22577,294224.546799107,4329598.110577661
40.60017961817693,537.5897,294194.546799107,4329568.110577661
40.63017961817693,536.274,294194.546799107,4329538.110577661
40.66017961817693,536.0995,294194.546799107,4329508.110577661
40.690179618176934,535.42615,294194.546799107,4329478.110577661
40.72017961817693,534.38416,294194.546799107,4329448.110577661
40.75017961817693,535.1744,294194.546799107,4329418.110577661
40.78017961817693,537.3405,294194.546799107,4329388.110577661
40.822606025048124,536.8894,294224.546799107,4329358.110577661
40.86503243191932,537.16797,294194.546799107,4329328.110577661
40.89503243191932,535.7229,294194.546799107,4329298.110577661
40.93745883879051,535.4482,294164.546799107,4329268.110577661
40.979885245661706,533.8969,294134.546799107,4329238.110577661
41.02231165253289,533.85785,294104.546799107,4329208.110577661
41.064738059404085,535.0072,294074.546799107,4329178.110577661
41.10716446627528,535.49713,294044.546799107,4329148.110577661
41.14959087314647,534.6375,294014.546799107,4329118.110577661
41.192017280017666,537.9855,293984.546799107,4329088.110577661
41.23444368688886,537.55835,293954.546799107,4329058.110577661
41.27687009376005,533.86743,293924.546799107,4329028.110577661
41.319296500631246,532.3047,293894.546799107,4328998.110577661
41.34929650063125,531.9653,293894.546799107,4328968.110577661
41.391722907502434,536.2824,293864.546799107,4328938.110577661
41.43414931437363,534.9237,293894.546799107,4328908.110577661
41.46414931437363,536.2675,293894.546799107,4328878.110577661
41.50657572124482,535.6444,293864.546799107,4328848.110577661
41.549002128116015,534.06146,293834.546799107,4328818.110577661
41.59142853498721,532.1117,293804.546799107,4328788.110577661
41.6338549418584,531.7108,293774.546799107,4328758.110577661
41.676281348729596,528.7192,293744.546799107,4328728.110577661
41.71870775560079,530.407,293714.546799107,4328698.110577661
41.74870775560078,534.5116,293714.546799107,4328668.110577661
41.79113416247198,534.227,293744.546799107,4328638.110577661
41.82113416247198,533.3298,293744.546799107,4328608.110577661
41.86356056934317,532.4418,293714.546799107,4328578.110577661
41.89356056934317,535.72754,293684.546799107,4328578.110577661
41.935986976214366,534.85065,293654.546799107,4328548.110577661
41.97841338308556,533.62164,293624.546799107,4328518.110577661
42.00841338308556,534.0862,293594.546799107,4328518.110577661
42.05083978995675,533.11945,293564.546799107,4328488.110577661
42.09326619682794,532.85583,293534.546799107,4328458.110577661
42.135692603699134,531.82544,293504.546799107,4328428.110577661
42.17811901057033,532.6144,293474.546799107,4328398.110577661
42.22054541744152,535.54297,293444.546799107,4328368.110577661
42.262971824312714,532.16986,293414.546799107,4328338.110577661
42.30539823118391,531.6054,293384.546799107,4328308.110577661
42.3478246380551,529.9637,293354.546799107,4328278.110577661
42.390251044926295,531.37665,293324.546799107,4328248.110577661
42.43267745179748,528.7894,293294.546799107,4328218.110577661
42.475103858668675,529.709,293264.546799107,4328188.110577661
42.51753026553987,536.29315,293234.546799107,4328158.110577661
42.55995667241106,535.4854,293264.546799107,4328128.110577661
42.602383079282255,534.99194,293294.546799107,4328098.110577661
42.64480948615345,535.6808,293264.546799107,4328068.110577661
42.67480948615345,535.98376,293264.546799107,4328038.110577661
42.70480948615345,536.3501,293264.546799107,4328008.110577661
42.734809486153445,535.5021,293264.546799107,4327978.110577661
42.764809486153446,534.1833,293264.546799107,4327948.110577661
42.79480948615345,532.6902,293264.546799107,4327918.110577661
42.83723589302464,531.9752,293234.546799107,4327888.110577661
42.879662299895834,531.1996,293264.546799107,4327858.110577661
42.92208870676703,530.53015,293234.546799107,4327828.110577661
42.95208870676703,529.7882,293234.546799107,4327798.110577661
42.99451511363822,528.6843,293204.546799107,4327768.110577661
43.024515113638216,528.35895,293174.546799107,4327768.110577661
43.06694152050941,529.5452,293144.546799107,4327798.110577661
43.09694152050941,528.1305,293114.546799107,4327798.110577661
43.12694152050941,525.8912,293084.546799107,4327798.110577661
43.169367927380605,526.3915,293054.546799107,4327768.110577661
43.2117943342518,528.7495,293024.546799107,4327738.110577661
43.25422074112299,530.55084,292994.546799107,4327708.110577661
43.296647147994186,529.6828,292964.546799107,4327678.110577661
43.32664714799418,527.5877,292934.546799107,4327678.110577661
43.35664714799418,527.96704,292904.546799107,4327678.110577661
43.38664714799418,528.6311,292874.546799107,4327678.110577661
43.429073554865376,528.3458,292844.546799107,4327648.110577661
43.47149996173657,527.50696,292814.546799107,4327618.110577661
43.51392636860776,527.30554,292784.546799107,4327588.110577661
43.556352775478956,529.436,292754.546799107,4327558.110577661
43.59877918235015,527.8964,292724.546799107,4327528.110577661
43.641205589221336,527.6838,292694.546799107,4327498.110577661
43.68363199609253,526.5922,292664.546799107,4327468.110577661
43.72605840296372,527.7581,292634.546799107,4327438.110577661
43.768484809834916,527.65216,292604.546799107,4327408.110577661
43.81091121670611,525.80304,292574.546799107,4327378.110577661
43.8533376235773,528.6846,292544.546799107,4327348.110577661
43.883337623577304,529.46655,292544.546799107,4327318.110577661
43.913337623577306,530.3384,292544.546799107,4327288.110577661
43.9557640304485,530.0735,292514.546799107,4327258.110577661
43.98576403044849,528.4533,292484.546799107,4327258.110577661
44.015764030448494,527.2157,292454.546799107,4327258.110577661
44.045764030448495,527.8794,292424.546799107,4327258.110577661
44.08819043731969,527.11896,292394.546799107,4327228.110577661
44.13061684419088,527.06537,292364.546799107,4327198.110577661
44.173043251062076,526.0679,292334.546799107,4327168.110577661
44.21546965793327,527.8593,292304.546799107,4327138.110577661
44.25789606480446,528.4518,292274.546799107,4327108.110577661
44.30032247167565,527.3343,292244.546799107,4327078.110577661
44.34274887854684,528.37195,292214.546799107,4327048.110577661
44.385175285418036,529.0742,292184.546799107,4327018.110577661
44.41517528541804,528.5247,292184.546799107,4326988.110577661
44.45760169228923,529.40234,292154.546799107,4326958.110577661
44.500028099160424,527.603,292124.546799107,4326928.110577661
44.54245450603162,525.55457,292094.546799107,4326898.110577661
44.58488091290281,525.206,292064.546799107,4326868.110577661
44.627307319774005,524.70825,292034.546799107,4326838.110577661
44.66973372664519,525.0832,292004.546799107,4326808.110577661
44.712160133516385,526.8821,291974.546799107,4326778.110577661
44.75458654038758,527.08545,291944.546799107,4326748.110577661
44.79701294725877,525.2611,291914.546799107,4326718.110577661
44.839439354129965,525.2836,291884.546799107,4326688.110577661
44.88186576100116,524.35187,291854.546799107,4326658.110577661
44.91186576100116,523.4205,291824.546799107,4326658.110577661
44.95429216787235,526.0803,291794.546799107,4326688.110577661
44.99671857474355,524.1531,291764.546799107,4326658.110577661
45.03914498161473,523.1063,291734.546799107,4326628.110577661
45.081571388485926,525.10284,291704.546799107,4326598.110577661
45.12399779535712,526.0878,291674.546799107,4326568.110577661
45.16642420222831,525.1013,291644.546799107,4326538.110577661
45.196424202228314,525.0623,291614.546799107,4326538.110577661
45.226424202228316,525.0985,291584.546799107,4326538.110577661
45.26885060909951,525.2459,291554.546799107,4326508.110577661
45.3112770159707,524.4289,291524.546799107,4326478.110577661
45.3412770159707,525.56384,291494.546799107,4326478.110577661
45.38370342284189,525.28577,291464.546799107,4326448.110577661
45.42612982971308,523.84076,291434.546799107,4326418.110577661
45.46855623658428,522.9926,291404.546799107,4326388.110577661
45.49855623658428,524.2411,291404.546799107,4326358.110577661
45.52855623658428,523.3449,291404.546799107,4326328.110577661
45.55855623658428,522.3679,291404.546799107,4326298.110577661
45.600982643455474,522.4849,291374.546799107,4326268.110577661
45.63098264345547,522.04443,291374.546799107,4326238.110577661
45.66098264345547,522.29407,291374.546799107,4326208.110577661
45.69098264345547,521.7628,291374.546799107,4326178.110577661
45.72098264345547,521.3591,291374.546799107,4326148.110577661
45.75098264345547,521.25366,291374.546799107,4326118.110577661
45.780982643455474,520.51917,291374.546799107,4326088.110577661
45.82340905032666,520.41736,291404.546799107,4326058.110577661
45.86583545719785,521.0,291434.546799107,4326028.110577661
45.90826186406905,521.58295,291464.546799107,4325998.110577661
45.95068827094024,521.95795,291494.546799107,4325968.110577661
45.993114677811434,521.9695,291524.546799107,4325938.110577661
46.03554108468263,521.5754,291554.546799107,4325908.110577661
46.07796749155382,520.78424,291524.546799107,4325878.110577661
46.120393898425014,520.92914,291494.546799107,4325848.110577661
46.16282030529621,520.1019,291524.546799107,4325818.110577661
46.2052467121674,521.12036,291554.546799107,4325788.110577661
46.24767311903859,519.4825,291584.546799107,4325758.110577661
46.29009952590978,520.7574,291554.546799107,4325728.110577661
46.32009952590978,521.15875,291554.546799107,4325698.110577661
46.362525932780976,521.1224,291524.546799107,4325668.110577661
46.40495233965217,521.0,291494.546799107,4325638.110577661
46.44737874652336,520.8202,291464.546799107,4325608.110577661
46.477378746523364,519.85925,291464.546799107,4325578.110577661
46.51980515339456,520.0759,291434.546799107,4325548.110577661
46.54980515339455,520.1502,291434.546799107,4325518.110577661
46.592231560265745,520.0,291404.546799107,4325488.110577661
46.622231560265746,519.4165,291374.546799107,4325488.110577661
46.65223156026575,517.5966,291344.546799107,4325488.110577661
46.68223156026575,517.1173,291314.546799107,4325488.110577661
46.71223156026575,518.47034,291284.546799107,4325488.110577661
46.75465796713694,518.6539,291254.546799107,4325518.110577661
46.78465796713694,517.6602,291224.546799107,4325518.110577661
46.82708437400813,518.3366,291194.546799107,4325548.110577661
46.85708437400813,518.92725,291164.546799107,4325548.110577661
46.899510780879325,519.0,291134.546799107,4325518.110577661
46.94193718775052,518.6195,291104.546799107,4325488.110577661
46.97193718775052,519.0,291104.546799107,4325458.110577661
47.00193718775052,518.42426,291104.546799107,4325428.110577661
47.044363594621714,517.2036,291074.546799107,4325398.110577661
47.0867900014929,514.91266,291044.546799107,4325368.110577661
47.129216408364094,515.8218,291014.546799107,4325338.110577661
47.159216408364095,516.1963,291014.546799107,4325308.110577661
47.189216408364096,516.8117,291014.546799107,4325278.110577661
47.2192164083641,517.001,291014.546799107,4325248.110577661
47.26164281523529,517.4675,290984.546799107,4325218.110577661
47.304069222106484,517.11017,290954.546799107,4325188.110577661
47.34649562897768,516.9325,290924.546799107,4325218.110577661
47.388922035848864,516.58563,290894.546799107,4325188.110577661
47.43134844272006,516.6246,290864.546799107,4325158.110577661
47.47377484959125,516.673,290834.546799107,4325128.110577661
47.516201256462445,516.74396,290864.546799107,4325098.110577661
47.546201256462446,515.84125,290864.546799107,4325068.110577661
47.58862766333364,515.1675,290894.546799107,4325038.110577661
47.63105407020483,516.0,290924.546799107,4325008.110577661
47.661054070204834,516.0,290954.546799107,4325008.110577661
47.70348047707602,516.0,290984.546799107,4324978.110577661
47.745906883947214,516.0,291014.546799107,4324948.110577661
47.78833329081841,516.0,291044.546799107,4324918.110577661
47.8307596976896,515.4288,291074.546799107,4324888.110577661
47.8607596976896,515.1667,291104.546799107,4324888.110577661
