metric,value
area_km2,89.0946
perimeter_km,69.12
basin_length_km,15.032424954078433
elevation_min_m,860.3995971679688
elevation_mean_m,1537.8042492052568
elevation_max_m,2067.976318359375
total_relief_m,1207.5767211914062
hypsometric_integral,0.5609619994735858
form_factor,0.3942696011661529
elongation_ratio,0.7085193345927172
circularity_ratio,0.23434397240115917
relief_ratio,0.08033146514154257
main_flow_path_km,19.21873375215415
stream_threshold_km2,1.0
stream_length_km,66.62413198333806
drainage_density_km_per_km2,0.7477909096997805
maximum_strahler_order,3
outlet_lon,66.78400725556058
outlet_lat,39.3004695565556
outlet_snap_distance_m,183.47259646938105
outlet_easting,309073.8232653204
outlet_northing,4352365.1429449385
maximum_dem_fill_m,10.014871542968649
