relative_area,relative_elevation,elevation_m
1.0101622320544679e-05,1.0,2067.976318359375
0.0010000606097339232,0.973740123610199,2036.2655029296875
0.0019900195971473016,0.962023735531733,2022.1170654296875
0.0029799785845606806,0.9539267676212464,2012.33935546875
0.003969937571974059,0.9481955388586782,2005.41845703125
0.0049598965593874375,0.9429549864121377,1999.090087890625
0.005949855546800816,0.9381705385263547,1993.3125
0.0069398145342141945,0.9342075236327515,1988.52685546875
0.007929773521627574,0.9315010201953132,1985.258544921875
0.008919732509040951,0.929032374477614,1982.2774658203125
0.00990969149645433,0.9266005244292665,1979.3408203125
0.010899650483867708,0.924212546140531,1976.4571533203125
0.011889609471281088,0.9224352344412318,1974.3109130859375
0.012879568458694467,0.9202331551523263,1971.6517333984375
0.013869527446107845,0.918523672832519,1969.58740234375
0.014859486433521224,0.9165470175618957,1967.200439453125
0.015849445420934603,0.9148474417684525,1965.1480712890625
0.01683940440834798,0.9127707103641522,1962.6402587890625
0.01782936339576136,0.9107390637635085,1960.1868896484375
0.018819322383174738,0.9086831562819735,1957.7042236328125
0.019809281370588117,0.9064688454656186,1955.0302734375
0.020799240358001497,0.9043957531934522,1952.52685546875
0.021789199345414872,0.9020462890531317,1949.689697265625
0.022779158332828252,0.8996713509878753,1946.82177734375
0.02376911732024163,0.8976468815644952,1944.3770751953125
0.02475907630765501,0.8959004014013286,1942.26806640625
0.025749035295068386,0.8941033777363051,1940.0980224609375
0.026738994282481766,0.8922960431969028,1937.91552734375
0.027728953269895145,0.8907099881086303,1936.000244140625
0.028718912257308524,0.8893201428945667,1934.3218994140625
0.029708871244721904,0.8878668150421707,1932.56689453125
0.03069883023213528,0.8862630697282483,1930.6302490234375
0.03168878921954866,0.884796095130351,1928.8587646484375
0.03267874820696204,0.8836176228410533,1927.4356689453125
0.03366870719437542,0.8821094047456406,1925.6143798828125
0.0346586661817888,0.8809727824758805,1924.2418212890625
0.035648625169202176,0.8795616079040333,1922.5377197265625
0.036638584156615556,0.878224327931901,1920.9228515625
0.03762854314402893,0.8767263196238634,1919.1138916015625
0.03861850213144231,0.8753253548393912,1917.422119140625
0.03960846111885569,0.8739168085296405,1915.72119140625
0.040598420106269066,0.87253929593003,1914.0577392578125
0.041588379093682445,0.8710503854523267,1912.259765625
0.042578338081095825,0.8696875304682548,1910.614013671875
0.043568297068509204,0.8682278341346248,1908.851318359375
0.044558256055922583,0.8668172660847998,1907.14794921875
0.04554821504333596,0.8654015425977853,1905.4383544921875
0.046538174030749335,0.8642023474727264,1903.990234375
0.047528133018162715,0.8628673925016794,1902.378173828125
0.048518092005576094,0.8616815408611107,1900.9461669921875
0.04950805099298947,0.8602314477928336,1899.195068359375
0.05049800998040285,0.8588607080224718,1897.539794921875
0.05148796896781623,0.8574503421466543,1895.836669921875
0.05247792795522961,0.856262873114026,1894.4027099609375
0.05346788694264299,0.8550207160123886,1892.9027099609375
0.05445784593005637,0.8536883893034383,1891.2938232421875
0.05544780491746974,0.8523987213100552,1889.7364501953125
0.05643776390488312,0.8512615936052765,1888.36328125
0.0574277228922965,0.8499549429952696,1886.785400390625
0.05841768187970988,0.8486235260693527,1885.1776123046875
0.05940764086712326,0.8473793472276409,1883.6751708984375
0.06039759985453664,0.8460826031439979,1882.1092529296875
0.06138755884195002,0.8447386514296205,1880.486328125
0.0623775178293634,0.8436634900581185,1879.18798828125
0.06336747681677678,0.8424851188558246,1877.7650146484375
0.06435743580419015,0.8413130150477608,1876.349609375
0.06534739479160354,0.8401605221184176,1874.9578857421875
0.06633735377901691,0.8391988814520865,1873.796630859375
0.0673273127664303,0.8382114635998082,1872.604248046875
0.06831727175384367,0.8371888674702376,1871.369384765625
0.06930723074125704,0.8360088788758843,1869.9444580078125
0.07029718972867043,0.8349794088300609,1868.7012939453125
0.0712871487160838,0.8339310355145432,1867.435302734375
0.07227710770349718,0.8330637090226772,1866.387939453125
0.07326706669091056,0.8320021943966767,1865.1060791015625
0.07425702567832394,0.8310114406732758,1863.90966796875
0.07524698466573732,0.8299259684273951,1862.598876953125
0.0762369436531507,0.8290450962770314,1861.53515625
0.07722690264056407,0.8280402914601144,1860.32177734375
0.07821686162797745,0.8268897191838417,1858.932373046875
0.07920682061539083,0.8258245654257075,1857.6461181640625
0.0801967796028042,0.8248163236506642,1856.4285888671875
0.08118673859021759,0.8238983525699374,1855.320068359375
0.08217669757763096,0.8228911216649313,1854.103759765625
0.08316665656504435,0.8218897538061405,1852.89453125
0.08415661555245772,0.8208549261491204,1851.6448974609375
0.08514657453987111,0.8201032431895032,1850.7371826171875
0.08613653352728448,0.8192336927835555,1849.6871337890625
0.08712649251469785,0.8183003564782643,1848.56005859375
0.08811645150211124,0.8173850136596341,1847.4547119140625
0.08910641048952461,0.8162739664018137,1846.113037109375
0.090096369476938,0.8153556920600759,1845.004150390625
0.09108632846435137,0.8145320351538142,1844.009521484375
0.09207628745176476,0.8137502282670903,1843.0654296875
0.09306624643917813,0.8128354919704824,1841.9608154296875
0.09405620542659152,0.8120488329075801,1841.0108642578125
0.09504616441400489,0.8112487292731839,1840.044677734375
0.09603612340141827,0.8103636114686643,1838.975830078125
0.09702608238883165,0.8096192067733144,1838.076904296875
0.09801604137624502,0.8088668162046713,1837.1683349609375
0.0990060003636584,0.8080868288840142,1836.2264404296875
0.09999595935107178,0.8073217013529029,1835.302490234375
0.10098591833848516,0.8064862172672068,1834.2935791015625
0.10197587732589854,0.8056180820793112,1833.2452392578125
0.10296583631331192,0.8048929850016707,1832.36962890625
0.1039557953007253,0.804207210768475,1831.54150390625
0.10494575428813868,0.8034451158474752,1830.6212158203125
0.10593571327555205,0.802753175307053,1829.78564453125
0.10692567226296543,0.8021080380493504,1829.006591796875
0.10791563125037881,0.8014114475067573,1828.1654052734375
0.10890559023779219,0.8007589308977835,1827.37744140625
0.10989554922520557,0.8001287545166305,1826.616455078125
0.11088550821261894,0.7995219292333354,1825.8836669921875
0.11187546720003233,0.7987844995412419,1824.9931640625
0.1128654261874457,0.7980800242123591,1824.1424560546875
0.11385538517485909,0.7974479271781356,1823.379150390625
0.11484534416227246,0.7967789333875565,1822.5712890625
0.11583530314968583,0.7961345037388797,1821.7930908203125
0.11682526213709922,0.7953701849037983,1820.8701171875
0.11781522112451259,0.7947421313497233,1820.1116943359375
0.11880518011192598,0.7941445049837662,1819.3900146484375
0.11979513909933935,0.7935318166542558,1818.650146484375
0.12078509808675274,0.7929137707135484,1817.90380859375
0.12177505707416611,0.7922839986804102,1817.143310546875
0.1227650160615795,0.7917797767058848,1816.534423828125
0.12375497504899287,0.7911763883807161,1815.8057861328125
0.12474493403640624,0.7905081021991629,1814.998779296875
0.12573489302381963,0.7898765105999579,1814.236083984375
0.126724852011233,0.7892250048610213,1813.4493408203125
0.12771481099864637,0.7886371839344245,1812.739501953125
0.12870476998605976,0.7879840608034284,1811.9508056640625
0.12969472897347314,0.7874313170671203,1811.2833251953125
0.13068468796088653,0.786862399410218,1810.5963134765625
0.1316746469482999,0.7862375806402618,1809.841796875
0.13266460593571328,0.7856130651313168,1809.087646484375
0.13365456492312666,0.7849706572227144,1808.3118896484375
0.13464452391054002,0.7843767710758948,1807.5947265625
0.1356344828979534,0.783706564241271,1806.785400390625
0.1366244418853668,0.7829582171527764,1805.8817138671875
0.13761440087278018,0.7823300625116977,1805.1231689453125
0.13860435986019354,0.7816871491680767,1804.3468017578125
0.13959431884760692,0.7809778216630157,1803.490234375
0.1405842778350203,0.7802928561258496,1802.6630859375
0.1415742368224337,0.7796082949366986,1801.83642578125
0.14256419580984706,0.7789562837627434,1801.049072265625
0.14355415479726044,0.7781743757890156,1800.1048583984375
0.14454411378467383,0.7774870852507643,1799.27490234375
0.1455340727720872,0.7767916066652121,1798.43505859375
0.14652403175950057,0.7761138183053098,1797.6165771484375
0.14751399074691396,0.7755055778039627,1796.882080078125
0.14850394973432735,0.7748881383852777,1796.136474609375
0.1494939087217407,0.7742540196109798,1795.3707275390625
0.1504838677091541,0.7736370856273134,1794.625732421875
0.15147382669656748,0.7729843668443321,1793.8375244140625
0.15246378568398083,0.7723702632967696,1793.095947265625
0.15345374467139422,0.7717200716888813,1792.310791015625
0.1544437036588076,0.7710972746589995,1791.5587158203125
0.155433662646221,0.7705074319923283,1790.846435546875
0.15642362163363435,0.7699714686986368,1790.19921875
0.15741358062104774,0.7692874129445042,1789.3731689453125
0.15840353960846112,0.7685604963007969,1788.495361328125
0.1593934985958745,0.7678573351029624,1787.646240234375
0.16038345758328787,0.7671869260943313,1786.836669921875
0.16137341657070126,0.7666012279948125,1786.12939453125
0.16236337555811464,0.7660362527310549,1785.4471435546875
0.163353334545528,0.7654162861372771,1784.698486328125
0.1643432935329414,0.7648296782547248,1783.9901123046875
0.16533325252035477,0.764179284472829,1783.2047119140625
0.16632321150776816,0.7635947994173548,1782.4989013671875
0.16731317049518152,0.7630274991525118,1781.8138427734375
0.1683031294825949,0.7623725564554489,1781.02294921875
0.1692930884700083,0.7617368202890916,1780.2552490234375
0.17028304745742165,0.7612036874315041,1779.6114501953125
0.17127300644483504,0.7605468240813706,1778.8182373046875
0.17226296543224842,0.7599675955500894,1778.1187744140625
0.1732529244196618,0.7594072702885029,1777.442138671875
0.17424288340707517,0.7588147993597352,1776.7266845703125
0.17523284239448855,0.7582353686544465,1776.0269775390625
0.17622280138190194,0.757658060776236,1775.329833984375
0.17721276036931533,0.7570790344189623,1774.630615234375
0.17820271935672868,0.7564823178360386,1773.9100341796875
0.17919267834414207,0.7558394044924176,1773.1336669921875
0.18018263733155546,0.7553163803352014,1772.5020751953125
0.18117259631896881,0.7547807203025211,1771.855224609375
0.1821625553063822,0.7543243124807524,1771.3040771484375
0.1831525142937956,0.7537941111462726,1770.663818359375
0.18414247328120897,0.753147861931529,1769.8834228515625
0.18513243226862233,0.7526200866851382,1769.24609375
0.18612239125603572,0.751998502699301,1768.4954833984375
0.1871123502434491,0.7513816698026382,1767.7506103515625
0.18810230923086246,0.7508892750075474,1767.156005859375
0.18909226821827585,0.7502409029657259,1766.373046875
0.19008222720568924,0.7496602592163928,1765.671875
0.19107218619310262,0.749140267669288,1765.0439453125
0.19206214518051598,0.7486250272113578,1764.4217529296875
0.19305210416792937,0.7479913127850748,1763.656494140625
0.19404206315534275,0.7474548440563648,1763.0086669921875
0.19503202214275614,0.7467980817932349,1762.215576171875
0.1960219811301695,0.7461853934637245,1761.4757080078125
0.19701194011758288,0.7456082877595213,1760.77880859375
0.19800189910499627,0.7450225896600025,1760.071533203125
0.19899185809240963,0.7444034317622543,1759.3238525390625
0.19998181707982302,0.7437799271233464,1758.5709228515625
0.2009717760672364,0.7432490181798406,1757.9298095703125
0.2019617350546498,0.7427055744478741,1757.2735595703125
0.20295169404206315,0.7421143165631511,1756.5595703125
0.20394165302947653,0.7415748152243296,1755.9080810546875
0.20493161201688992,0.7410125693096723,1755.2291259765625
0.20592157100430328,0.7403802701014414,1754.465576171875
0.20691152999171666,0.7397301795805566,1753.6805419921875
0.20790148897913005,0.7391570162694984,1752.9884033203125
0.20889144796654344,0.7385638377317046,1752.2720947265625
0.2098814069539568,0.7380411168354997,1751.640869140625
0.21087136594137018,0.7373771773951062,1750.839111328125
0.21186132492878357,0.7367957249497433,1750.136962890625
0.21285128391619695,0.7363298149496256,1749.5743408203125
0.2138412429036103,0.7358595582083481,1749.0064697265625
0.2148312018910237,0.7353515960146854,1748.39306640625
0.21582116087843708,0.7347933935801767,1747.718994140625
0.21681111986585044,0.7342677411608639,1747.084228515625
0.21780107885326383,0.7337390561314397,1746.44580078125
0.21879103784067722,0.7331832797850203,1745.774658203125
0.2197809968280906,0.7326579306267187,1745.1402587890625
0.22077095581550396,0.7321798901861553,1744.56298828125
0.22176091480291735,0.7317082182268257,1743.993408203125
0.22275087379033073,0.7311010896825196,1743.26025390625
0.2237408327777441,0.7305816035704334,1742.6329345703125
0.22473079176515748,0.7300142022185868,1741.94775390625
0.22572075075257086,0.729410813893418,1741.2191162109375
0.22671070973998425,0.7288454342816457,1740.536376953125
0.2277006687273976,0.7283584981847554,1739.9483642578125
0.228690627714811,0.7278223327170564,1739.3009033203125
0.22968058670222438,0.7273364074902032,1738.714111328125
0.23067054568963777,0.7269105279435563,1738.1998291015625
0.23166050467705113,0.726368802690653,1737.545654296875
0.2326504636644645,0.7258500241875928,1736.919189453125
0.2336404226518779,0.7252955619722216,1736.2496337890625
0.23463038163929126,0.7247427171489098,1735.58203125
0.23562034062670464,0.7242289929960353,1734.961669921875
0.23661029961411803,0.7237649025619844,1734.4012451171875
0.23760025860153142,0.7232043751263904,1733.724365234375
0.23859021758894478,0.7226648737875688,1733.0728759765625
0.23958017657635816,0.7221386148462338,1732.4373779296875
0.24057013556377155,0.7216231722142962,1731.81494140625
0.24156009455118493,0.721053142600353,1731.1265869140625
0.2425500535385983,0.7205792467269418,1730.5543212890625
0.24354001252601168,0.7200337812549011,1729.8956298828125
0.24452997151342507,0.7194648635979988,1729.2086181640625
0.24551993050083842,0.7189673133657186,1728.6077880859375
0.2465098894882518,0.7185495207793686,1728.103271484375
0.2474998484756652,0.7179653389849056,1727.3978271484375
0.24848980746307858,0.7174017789392001,1726.71728515625
0.24947976645049194,0.7168459015057769,1726.0460205078125
0.25046972543790536,0.7163082197330222,1725.396728515625
0.2514596844253187,0.7157415259902016,1724.71240234375
0.25244964341273207,0.7151331844018508,1723.977783203125
0.25343960240014546,0.7146237059031323,1723.362548828125
0.25442956138755884,0.7140678284697091,1722.6912841796875
0.25541952037497223,0.7135812967208336,1722.103759765625
0.2564094793623856,0.7129231192396519,1721.3089599609375
0.257399438349799,0.7123891776860346,1720.6641845703125
0.25838939733721233,0.7118137904608945,1719.9693603515625
0.2593793563246257,0.7113985250496375,1719.4678955078125
0.2603693153120391,0.7108333476118726,1718.785400390625
0.2613592742994525,0.7103197245460018,1718.1651611328125
0.2623492332868659,0.7098005416949268,1717.5382080078125
0.26333919227427927,0.7093052153767283,1716.9400634765625
0.26432915126169265,0.7087433738100859,1716.2615966796875
0.265319110249106,0.7082784746800053,1715.7001953125
0.26630906923651937,0.7077744548794873,1715.091552734375
0.26729902822393276,0.7072271698413798,1714.4306640625
0.26828898721134614,0.7067785457188972,1713.888916015625
0.26927894619875953,0.7062928226660514,1713.3023681640625
0.2702689051861729,0.7057673724207462,1712.6678466796875
0.2712588641735863,0.7053132896000629,1712.1195068359375
0.27224882316099963,0.7048812437461893,1711.5977783203125
0.273238782148413,0.7044822533425302,1711.115966796875
0.2742287411358264,0.703996024854666,1710.52880859375
0.2752187001232398,0.7034931170111889,1709.9215087890625
0.2762086591106532,0.7028967036892764,1709.2012939453125
0.27719861809806656,0.7023985469349738,1708.5997314453125
0.27818857708547995,0.7018443879806138,1707.9305419921875
0.2791785360728933,0.7013584627537606,1707.34375
0.28016849506030667,0.7008449407748936,1706.7236328125
0.28115845404772005,0.7003469861945985,1706.122314453125
0.28214841303513344,0.6999049327273572,1705.5885009765625
0.2831383720225468,0.6995258564634297,1705.1307373046875
0.2841283310099602,0.6990788497330065,1704.5909423828125
0.2851182899973736,0.6985825125447708,1703.9915771484375
0.286108248984787,0.6981220612428536,1703.435546875
0.2870982079722003,0.6975287816180562,1702.7191162109375
0.2880881669596137,0.6971039129414464,1702.2060546875
0.2890781259470271,0.6966407322904288,1701.646728515625
0.2900680849344405,0.6961672407650326,1701.074951171875
0.29105804392185386,0.6956777774930494,1700.48388671875
0.29204800290926725,0.6951823500878471,1699.8856201171875
0.29303796189668063,0.6946599324526532,1699.2547607421875
0.29402792088409396,0.6942116115911817,1698.71337890625
0.29501787987150735,0.6937199244051169,1698.11962890625
0.29600783885892074,0.6931776937171951,1697.46484375
0.2969977978463341,0.6927249250275601,1696.9180908203125
0.2979877568337475,0.6921996769562623,1696.2838134765625
0.2989777158211609,0.691763991970255,1695.7576904296875
0.2999676748085743,0.6912102373639097,1695.0889892578125
0.3009576337959876,0.6907468545388848,1694.5294189453125
0.301947592783401,0.6902330292990067,1693.908935546875
0.3029375517708144,0.6898075541003744,1693.3951416015625
0.30392751075822777,0.6893283006157664,1692.81640625
0.30491746974564116,0.688840353648839,1692.2271728515625
0.30590742873305454,0.6883478577667445,1691.6324462890625
0.30689738772046793,0.6879080282135849,1691.101318359375
0.30788734670788126,0.6874986258485433,1690.60693359375
0.30887730569529465,0.6869772190833865,1689.977294921875
0.30986726468270803,0.6865200025655882,1689.4251708984375
0.3108572236701214,0.6860982675860934,1688.9158935546875
0.3118471826575348,0.6856091075751214,1688.3251953125
0.3128371416449482,0.6851779715042813,1687.8045654296875
0.3138271006323616,0.6847664463121617,1687.3076171875
0.3148170596197749,0.6842673797748257,1686.7049560546875
0.3158070186071883,0.6838371534870189,1686.1854248046875
0.3167969775946017,0.6833632576136077,1685.6131591796875
0.31778693658201507,0.6828448834585624,1684.9871826171875
0.31877689556942845,0.6824072778194846,1684.458740234375
0.31976685455684184,0.6819203417225943,1683.8707275390625
0.3207568135442552,0.6814251164913995,1683.272705078125
0.3217467725316686,0.6809703260616903,1682.7235107421875
0.32273673151908194,0.6805470747771398,1682.21240234375
0.32372669050649533,0.6801181626203814,1681.6944580078125
0.3247166494939087,0.6795947341151504,1681.0623779296875
0.3257066084813221,0.6791458067316565,1680.520263671875
0.3266965674687355,0.6786425956271683,1679.91259765625
0.3276865264561489,0.6782340019581563,1679.419189453125
0.32867648544356226,0.6777362495518687,1678.818115234375
0.3296664444309756,0.6773033950019653,1678.29541015625
0.330656403418389,0.6767630849671141,1677.6429443359375
0.33164636240580236,0.67632558041504,1677.1146240234375
0.33263632139321575,0.67583783562212,1676.525634765625
0.33362628038062914,0.6753615136606197,1675.950439453125
0.3346162393680425,0.6749330058518761,1675.4329833984375
0.3356061983554559,0.6744393980127407,1674.8369140625
0.33659615734286924,0.6739519564808318,1674.248291015625
0.3375861163302826,0.673546496508935,1673.7586669921875
0.338576075317696,0.6729745462419213,1673.0679931640625
0.3395660343051094,0.672544522128122,1672.5487060546875
0.3405559932925228,0.672170601301384,1672.09716796875
0.34154595227993617,0.6717228869619347,1671.5565185546875
0.34253591126734956,0.671242824781297,1670.976806640625
0.3435258702547629,0.6707897528306509,1670.4296875
0.3445158292421763,0.6703125210861172,1669.8533935546875
0.34550578822958966,0.669873601315991,1669.3233642578125
0.34649574721700305,0.6694122402310404,1668.7662353515625
0.34748570620441643,0.6689060976034444,1668.155029296875
0.3484756651918298,0.668464448484218,1667.6217041015625
0.3494656241792432,0.6679740754292015,1667.029541015625
0.3504555831666566,0.6675297980478786,1666.4930419921875
0.3514455421540699,0.6670053586726103,1665.8597412109375
0.3524355011414833,0.6666165780563263,1665.3902587890625
0.3534254601288967,0.6661117495597787,1664.7806396484375
0.3544154191163101,0.6656575656520918,1664.232177734375
0.35540537810372347,0.6652188480559731,1663.702392578125
0.35639533709113685,0.6647802315468581,1663.1727294921875
0.35738529607855024,0.6642918802319159,1662.5830078125
0.35837525506596357,0.6637317571443366,1661.9066162109375
0.35936521405337696,0.6633240732583581,1661.414306640625
0.36035517304079034,0.6628834350091688,1660.8822021484375
0.36134513202820373,0.6623633423750603,1660.254150390625
0.3623350910156171,0.6619342280442945,1659.7359619140625
0.3633250500030305,0.6614637691290096,1659.1678466796875
0.3643150089904439,0.6610951048264647,1658.72265625
0.3653049679778572,0.6606816589812745,1658.223388671875
0.3662949269652706,0.6601873435331131,1657.62646484375
0.367284885952684,0.6596243900094299,1656.9466552734375
0.3682748449400974,0.6591519093540708,1656.3760986328125
0.36926480392751077,0.6587058124066809,1655.83740234375
0.37025476291492415,0.6582239306599763,1655.2554931640625
0.37124472190233754,0.657690696715385,1654.611572265625
0.37223468088975087,0.6571589790758495,1653.969482421875
0.37322463987716425,0.656745634317663,1653.4703369140625
0.37421459886457764,0.6562719406182592,1652.8983154296875
0.375204557851991,0.6557802534321944,1652.3045654296875
0.3761945168394044,0.6552650129742642,1651.682373046875
0.3771844758268178,0.6547024637985959,1651.0030517578125
0.3781744348142312,0.6542200766168728,1650.4205322265625
0.3791643938016445,0.6537065546380056,1649.8004150390625
0.3801543527890579,0.6532201239761339,1649.2130126953125
0.3811443117764713,0.6527045802571926,1648.5904541015625
0.3821342707638847,0.6522014702397081,1647.98291015625
0.38312422975129806,0.6516723808622691,1647.343994140625
0.38411418873871145,0.651197777379832,1646.7708740234375
0.38510414772612483,0.6506782912677458,1646.1435546875
0.3860941067135382,0.6500602453270384,1645.397216796875
0.38708406570095155,0.6494603950469996,1644.6728515625
0.38807402468836494,0.6489102795727881,1644.008544921875
0.3890639836757783,0.6484145489065747,1643.409912109375
0.3900539426631917,0.6479157856302499,1642.8076171875
0.3910439016506051,0.6473206864393857,1642.0889892578125
0.3920338606380185,0.6467824992316125,1641.4390869140625
0.39302381962543187,0.6462521968101288,1640.7987060546875
0.3940137786128452,0.6457599031020417,1640.2042236328125
0.3950037376002586,0.645205946321689,1639.5352783203125
0.395993696587672,0.6445699068943207,1638.7672119140625
0.39698365557508536,0.6439914870590693,1638.0687255859375
0.39797361456249875,0.6435168835766321,1637.49560546875
0.39896357354991213,0.6429581757071049,1636.8209228515625
0.3999535325373255,0.6423800591328646,1636.122802734375
0.40094349152473885,0.6417199609986123,1635.32568359375
0.40193345051215223,0.6411682281323413,1634.659423828125
0.4029234094995656,0.6406330735346795,1634.01318359375
0.403913368486979,0.6401172265547269,1633.3902587890625
0.4049033274743924,0.639440044716847,1632.572509765625
0.4058932864618058,0.6388182585570022,1631.8216552734375
0.40688324544921917,0.6381714028202364,1631.04052734375
0.4078732044366325,0.6375230307784149,1630.257568359375
0.4088631634240459,0.636900233748533,1629.5054931640625
0.40985312241145927,0.6363455693591544,1628.835693359375
0.41084308139887266,0.6358458962997962,1628.2322998046875
0.41183304038628604,0.6351515296712847,1627.393798828125
0.41282299937369943,0.6346065696342627,1626.7357177734375
0.4138129583611128,0.6339301964924123,1625.9189453125
0.41480291734852615,0.6333759364510486,1625.2496337890625
0.41579287633593953,0.6328455329425613,1624.609130859375
0.4167828353233529,0.6323539468435002,1624.0155029296875
0.4177727943107663,0.6317679454829702,1623.307861328125
0.4187627532981797,0.6311488886722257,1622.560302734375
0.4197527122855931,0.6304569481318035,1621.7247314453125
0.42074267127300646,0.6297738021607043,1620.8997802734375
0.42173263026041985,0.629206299721854,1620.2144775390625
0.4227225892478332,0.6286693255581254,1619.5660400390625
0.42371254823524657,0.6279290654299279,1618.672119140625
0.42470250722265995,0.6272691694696829,1617.875244140625
0.42569246621007334,0.6266445528737342,1617.1209716796875
0.4266824251974867,0.6259185460130603,1616.2442626953125
0.4276723841849001,0.6253238511702109,1615.526123046875
0.4286623431723135,0.6246006747456411,1614.65283203125
0.42965230215972683,0.6239955679414092,1613.922119140625
0.4306422611471402,0.6233960209223816,1613.1981201171875
0.4316322201345536,0.6227671586722768,1612.438720703125
0.432622179121967,0.6220970529246568,1611.6295166015625
0.4336121381093804,0.6214202754347916,1610.812255859375
0.43460209709679376,0.6208463034277036,1610.119140625
0.43559205608420715,0.6201367737486352,1609.2623291015625
0.4365820150716205,0.6193862027460588,1608.35595703125
0.43757197405903386,0.6188131405220042,1607.6639404296875
0.43856193304644725,0.6181159434573889,1606.822021484375
0.43955189203386064,0.6175051757809489,1606.08447265625
0.440541851021274,0.6167453047740309,1605.1668701171875
0.4415318100086874,0.616132414270513,1604.4267578125
0.4425217689961008,0.6155893748865614,1603.77099609375
0.4435117279835141,0.6149303887093499,1602.9752197265625
0.4445016869709275,0.6144039275940075,1602.3394775390625
0.4454916459583409,0.6136162576610681,1601.3883056640625
0.4464816049457543,0.6130265160814007,1600.6761474609375
0.44747156393316767,0.6123693494702561,1599.882568359375
0.44846152292058106,0.6117365448270066,1599.118408203125
0.44945148190799444,0.6111699521711896,1598.4342041015625
0.45044144089540783,0.6105759649373662,1597.7169189453125
0.45143139988282116,0.6098825080918883,1596.8795166015625
0.45242135887023455,0.6092640578031662,1596.1326904296875
0.45341131785764793,0.6085832368331524,1595.310546875
0.4544012768450613,0.6079629669783634,1594.5615234375
0.4553912358324747,0.6074342819489392,1593.923095703125
0.4563811948198881,0.6068139110071465,1593.1739501953125
0.4573711538073015,0.6062636944459313,1592.509521484375
0.4583611127947148,0.6056206800153066,1591.7330322265625
0.4593510717821282,0.6050770341093328,1591.0765380859375
0.4603410307695416,0.6043615402970451,1590.2125244140625
0.46133098975695497,0.6036496856168913,1589.3529052734375
0.46232094874436835,0.6030738940437365,1588.6575927734375
0.46331090773178174,0.6025881709908907,1588.071044921875
0.4643008667191951,0.6019619370028826,1587.3148193359375
0.46529082570660846,0.6012950660393813,1586.509521484375
0.46628078469402184,0.6006351700791365,1585.712646484375
0.46727074368143523,0.600033803494042,1584.9864501953125
0.4682607026688486,0.5993055727192864,1584.1070556640625
0.469250661656262,0.5986867180825494,1583.3597412109375
0.4702406206436754,0.5981240678198773,1582.6802978515625
0.4712305796310888,0.5975607099481792,1582.0
0.4722205386185021,0.5969680368454041,1581.2843017578125
0.4732104976059155,0.5962765006529968,1580.44921875
0.4742004565933289,0.5955261318244278,1579.5430908203125
0.47519041558074226,0.5949309315465598,1578.8243408203125
0.47618037456815565,0.5943254203943131,1578.0931396484375
0.47717033355556904,0.5936628961719717,1577.2930908203125
0.4781602925429824,0.5931109611316933,1576.6265869140625
0.47915025153039575,0.5924115401529962,1575.781982421875
0.48014021051780914,0.5919011518712443,1575.1656494140625
0.4811301695052225,0.5912149732900337,1574.3370361328125
0.4821201284926359,0.590476532727903,1573.4453125
0.4831100874800493,0.5897878269715997,1572.6136474609375
0.4841000464674627,0.5891156994839054,1571.802001953125
0.48509000545487607,0.5884435719962111,1570.9903564453125
0.48607996444228946,0.587778419511773,1570.1871337890625
0.4870699234297028,0.5871446039984863,1569.4217529296875
0.4880598824171162,0.5864477101948821,1568.5802001953125
0.48904984140452956,0.585710482676796,1567.68994140625
0.49003980039194295,0.5851090150046978,1566.963623046875
0.49102975937935633,0.5844537690466237,1566.17236328125
0.4920197183667697,0.5838233904914633,1565.4111328125
0.4930096773541831,0.5831704695344746,1564.6226806640625
0.49399963634159644,0.5824241441860543,1563.721435546875
0.4949895953290098,0.5816966210203247,1562.8428955078125
0.4959795543164232,0.5810131717882144,1562.017578125
0.4969695133038366,0.5803481203907801,1561.2144775390625
0.49795947229125,0.5797866831721527,1560.5364990234375
0.49894943127866337,0.579174399190657,1559.797119140625
0.49993939026607676,0.578497217352777,1558.9793701171875
0.5009293492534901,0.5777821278885042,1558.1158447265625
0.5019193082409035,0.5771261743214042,1557.32373046875
0.5029092672283169,0.5765168218630163,1556.587890625
0.5038992262157302,0.5758336758919171,1555.762939453125
0.5048891852031436,0.5752642527999963,1555.0753173828125
0.505879144190557,0.5746821938326111,1554.3724365234375
0.5068691031779704,0.5738540890981861,1553.3724365234375
0.5078590621653838,0.5732456464228317,1552.6376953125
0.5088490211527972,0.5726761222439071,1551.949951171875
0.5098389801402106,0.5720758676158534,1551.22509765625
0.510828939127624,0.5713952488198472,1550.4031982421875
0.5118188981150372,0.5707608267845382,1549.6370849609375
0.5128088571024506,0.5701304482293778,1548.8758544921875
0.513798816089864,0.5695513207851003,1548.176513671875
0.5147887750772774,0.5690160651004348,1547.5301513671875
0.5157787340646908,0.5684569528828927,1546.85498046875
0.5167686930521042,0.5679154298039969,1546.2010498046875
0.5177586520395175,0.5671860870722004,1545.3203125
0.5187486110269309,0.5665675356964746,1544.5733642578125
0.5197385700143443,0.5659598006301461,1543.8394775390625
0.5207285290017577,0.5654202992913245,1543.18798828125
0.5217184879891711,0.5647360413631846,1542.3616943359375
0.5227084469765845,0.5641562063098811,1541.6614990234375
0.5236984059639979,0.5634815516470939,1540.8468017578125
0.5246883649514112,0.5628476350468036,1540.081298828125
0.5256783239388245,0.5621823814753618,1539.2779541015625
0.5266682829262379,0.5614917550659878,1538.4439697265625
0.5276582419136513,0.5608750232563288,1537.69921875
0.5286482009010647,0.5602061305527534,1536.8914794921875
0.5296381598884781,0.5594732497758269,1536.0064697265625
0.5306281188758915,0.558785453802557,1535.1759033203125
0.5316180778633048,0.5582380676774458,1534.514892578125
0.5326080368507182,0.5577651826740717,1533.94384765625
0.5335979958381316,0.5572058682825222,1533.2684326171875
0.534587954825545,0.5564968440384723,1532.4122314453125
0.5355779138129584,0.5557884263164447,1531.5567626953125
0.5365678728003718,0.5551396499266084,1530.7733154296875
0.5375578317877852,0.5545853898852445,1530.10400390625
0.5385477907751985,0.5538747482491352,1529.245849609375
0.5395377497626119,0.5531805837946312,1528.4075927734375
0.5405277087500252,0.5525099726119926,1527.5977783203125
0.5415176677374386,0.5517898287975342,1526.7281494140625
0.542507626724852,0.5511233621820479,1525.92333984375
0.5434975857122654,0.55042990533657,1525.0859375
0.5444875446996787,0.5498239898363083,1524.354248046875
0.5454775036870921,0.5492503210902314,1523.6614990234375
0.5464674626745055,0.5485561566357274,1522.8232421875
0.5474574216619189,0.5479539813546033,1522.0960693359375
0.5484473806493323,0.5472788212567975,1521.28076171875
0.5494373396367457,0.5467399264399982,1520.6300048828125
0.5504272986241591,0.5461080315797822,1519.866943359375
0.5514172576115725,0.5454829095488148,1519.112060546875
0.5524072165989858,0.5450349930353582,1518.5711669921875
0.5533971755863992,0.5444599090712293,1517.876708984375
0.5543871345738125,0.5438972588085572,1517.197265625
0.5553770935612259,0.5433544215986131,1516.541748046875
0.5563670525486393,0.5426498451827266,1515.69091796875
0.5573570115360527,0.5420415035943759,1514.956298828125
0.558346970523466,0.5413778674149935,1514.1549072265625
0.5593369295108794,0.540876880224587,1513.5499267578125
0.5603268884982928,0.5402373027520886,1512.777587890625
0.5613168474857062,0.5396627242229783,1512.083740234375
0.5623068064731196,0.5389957521724734,1511.2783203125
0.563296765460533,0.5384405823480762,1510.60791015625
0.5642867244479464,0.5378802570864896,1509.9312744140625
0.5652766834353598,0.5373557166242177,1509.2978515625
0.5662666424227731,0.5368100489781696,1508.638916015625
0.5672566014101865,0.5361893747753658,1507.889404296875
0.5682465603975999,0.5355158320696194,1507.0760498046875
0.5692365193850132,0.5349355926683012,1506.3753662109375
0.5702264783724266,0.5343696065345065,1505.69189453125
0.57121643735984,0.5338351595458707,1505.0465087890625
0.5722063963472533,0.5332129690380111,1504.295166015625
0.5731963553346667,0.532606851363742,1503.563232421875
0.5741863143220801,0.5319843575948713,1502.8115234375
0.5751762733094935,0.5314522356073209,1502.1689453125
0.5761662322969069,0.5307744472474186,1501.3504638671875
0.5771561912843203,0.5301867274078255,1500.6407470703125
0.5781461502717337,0.5296429804148479,1499.984130859375
0.579136109259147,0.5290240246911072,1499.2366943359375
0.5801260682465604,0.5284670353006431,1498.5640869140625
0.5811160272339738,0.5278377687025235,1497.80419921875
0.5821059862213872,0.5273408249922655,1497.2041015625
0.5830959452088005,0.5267653366801218,1496.5091552734375
0.5840859041962139,0.5261628581379865,1495.7816162109375
0.5850758631836273,0.5255912111319839,1495.09130859375
0.5860658221710406,0.5250084445555727,1494.3875732421875
0.587055781158454,0.5244608562564541,1493.726318359375
0.5880457401458674,0.5238007581222017,1492.92919921875
0.5890356991332808,0.5232233491569874,1492.23193359375
0.5900256581206942,0.5226925413004853,1491.5909423828125
0.5910156171081076,0.5220583214391837,1490.8250732421875
0.592005576095521,0.5215370157610307,1490.195556640625
0.5929955350829343,0.5208990556805918,1489.4251708984375
0.5939854940703477,0.5202818184359141,1488.6798095703125
0.5949754530577611,0.5197628377588466,1488.0531005859375
0.5959654120451745,0.5191694570470454,1487.3365478515625
0.5969553710325878,0.5185934632998831,1486.6409912109375
0.5979453300200012,0.518008573896394,1485.9346923828125
0.5989352890074146,0.5173499920671973,1485.139404296875
0.5999252479948279,0.5167343722145792,1484.39599609375
0.6009152069822413,0.5161429121558486,1483.6817626953125
0.6019051659696547,0.515494236853016,1482.8984375
0.6028951249570681,0.5148079571848018,1482.0697021484375
0.6038850839444815,0.5142174069091047,1481.3565673828125
0.6048750429318949,0.5136224088052441,1480.6380615234375
0.6058650019193083,0.5130321617905581,1479.92529296875
0.6068549609067216,0.5124742626170606,1479.2515869140625
0.607844919894135,0.5118365047106291,1478.4814453125
0.6088348788815484,0.5111773163594102,1477.6854248046875
0.6098248378689618,0.5106029400043073,1476.9918212890625
0.6108147968563752,0.5100336179993902,1476.3043212890625
0.6118047558437885,0.5093403633279197,1475.4671630859375
0.6127947148312018,0.5086878467189458,1474.67919921875
0.6137846738186152,0.5081094268836944,1473.980712890625
0.6147746328060286,0.5075607266275349,1473.318115234375
0.615764591793442,0.5068849600077069,1472.5020751953125
0.6167545507808554,0.5062831890745975,1471.775390625
0.6177445097682688,0.5056709050931019,1471.0360107421875
0.6187344687556822,0.5049493460605915,1470.1646728515625
0.6197244277430956,0.5042471957327941,1469.3167724609375
0.6207143867305089,0.5035525258432716,1468.4779052734375
0.6217043457179223,0.502931750553464,1467.728271484375
0.6226943047053357,0.5023458502799377,1467.020751953125
0.6236842636927491,0.5018515348317764,1466.423828125
0.6246742226801625,0.5012837291319149,1465.7381591796875
0.6256641816675758,0.5007293680035474,1465.0687255859375
0.6266541406549891,0.5000968666213089,1464.304931640625
0.6276440996424025,0.49952623048534345,1463.6158447265625
0.6286340586298159,0.4989059606305544,1462.8668212890625
0.6296240176172293,0.4982841744707097,1462.115966796875
0.6306139766046427,0.4976639046159207,1461.366943359375
0.6316039355920561,0.49706961412108613,1460.6492919921875
0.6325938945794695,0.49644075187098147,1459.889892578125
0.6335838535668828,0.4957422406753178,1459.04638671875
0.6345738125542962,0.4951560371407804,1458.3385009765625
0.6355637715417096,0.4944177987526571,1457.447021484375
0.636553730529123,0.4937931821567084,1456.6927490234375
0.6375436895165364,0.4931911079625879,1455.9656982421875
0.6385336485039498,0.4925774087630403,1455.224609375
0.6395236074913632,0.4919436943367573,1454.4593505859375
0.6405135664787764,0.49132089730687545,1453.707275390625
0.6415035254661898,0.4905759871765071,1452.8077392578125
0.6424934844536032,0.4899427781852426,1452.0430908203125
0.6434834434410166,0.4893103778900079,1451.2794189453125
0.64447340242843,0.48867443954964324,1450.511474609375
0.6454633614158434,0.4880026153229601,1449.7001953125
0.6464533204032568,0.4873772911179854,1448.945068359375
0.6474432793906701,0.48675368539207375,1448.1920166015625
0.6484332383780835,0.4861948764355429,1447.5172119140625
0.6494231973654969,0.4854812021893221,1446.6553955078125
0.6504131563529103,0.484685647470093,1445.6947021484375
0.6514031153403237,0.48393426777148696,1444.787353515625
0.6523930743277371,0.4832770000733386,1443.99365234375
0.6533830333151505,0.4825961791033249,1443.1715087890625
0.6543729923025637,0.4819173798733855,1442.351806640625
0.6553629512899771,0.48135331439266144,1441.670654296875
0.6563529102773905,0.48074962280648154,1440.941650390625
0.6573428692648039,0.48022225190810564,1440.3048095703125
0.6583328282522173,0.47956377116591276,1439.5096435546875
0.6593227872396307,0.47890488607570497,1438.7139892578125
0.6603127462270441,0.47831140427690017,1437.997314453125
0.6613027052144574,0.47772459422034047,1437.2886962890625
0.6622926642018708,0.47712989937749106,1436.570556640625
0.6632826231892842,0.4765042719115052,1435.8150634765625
0.6642725821766976,0.4758422531241823,1435.015625
0.665262541164111,0.4752396734950432,1434.2879638671875
0.6662525001515244,0.47461849385722077,1433.537841796875
0.6672424591389378,0.47413034471628596,1432.9483642578125
0.6682324181263511,0.47349400202790637,1432.179931640625
0.6692223771137644,0.4729246800229892,1431.492431640625
0.6702123361011778,0.47235394280002,1430.80322265625
0.6712022950885912,0.4717127479354622,1430.0289306640625
0.6721922540760046,0.47108570525142435,1429.271728515625
0.673182213063418,0.47042004733196774,1428.4678955078125
0.6741721720508314,0.46980877422050926,1427.729736328125
0.6751621310382447,0.46920447611230703,1427.0
0.6761520900256581,0.4686499128099321,1426.330322265625
0.6771420490130715,0.4679994179410326,1425.5447998046875
0.6781320080004849,0.46740987853537264,1424.8328857421875
0.6791219669878983,0.4667525097502206,1424.0390625
0.6801119259753117,0.4659818224339051,1423.1083984375
0.6811018849627251,0.46531960147257484,1422.3087158203125
0.6820918439501384,0.4647768653496344,1421.6533203125
0.6830818029375517,0.46420673464868756,1420.96484375
0.6840717619249651,0.46364317460298204,1420.2843017578125
0.6850617209123785,0.4630048101745282,1419.513427734375
0.6860516798997919,0.46232267507346625,1418.689697265625
0.6870416388872053,0.4616735954226187,1417.9058837890625
0.6880315978746187,0.46108739188808134,1417.197998046875
0.689021556862032,0.46032944153423383,1416.28271484375
0.6900115158494454,0.4597309053852433,1415.5599365234375
0.6910014748368588,0.459121350752848,1414.8238525390625
0.6919914338242722,0.4585423243955743,1414.1246337890625
0.6929813928116856,0.4579619839072523,1413.423828125
0.693971351799099,0.4572819716332683,1412.6026611328125
0.6949613107865124,0.4565955908780503,1411.7738037109375
0.6959512697739257,0.45602829061320743,1411.0887451171875
0.696941228761339,0.45536657508689565,1410.2896728515625
0.6979311877487524,0.45474741718914746,1409.5419921875
0.6989211467361658,0.45409793319028513,1408.7576904296875
0.6999111057235792,0.4534251991805685,1407.9453125
0.7009010647109926,0.45280290758570524,1407.19384765625
0.701891023698406,0.4521133931333721,1406.3612060546875
0.7028809826858193,0.4513642373488478,1405.45654296875
0.7038709416732327,0.45066390658711725,1404.61083984375
0.7048609006606461,0.45005040956157705,1403.8699951171875
0.7058508596480595,0.4494383277540889,1403.130859375
0.7068408186354729,0.44879844702057936,1402.358154296875
0.7078307776228863,0.44806637493968265,1401.47412109375
0.7088207366102997,0.4473794887494461,1400.6446533203125
0.709810695597713,0.44677589825026987,1399.915771484375
0.7108006545851264,0.446158762092596,1399.1705322265625
0.7117906135725397,0.4454678324222109,1398.336181640625
0.7127805725599531,0.4448841560627663,1397.63134765625
0.7137705315473665,0.44408698395147783,1396.668701171875
0.7147604905347799,0.4432765694427028,1395.6900634765625
0.7157504495221932,0.44264133871136413,1394.9229736328125
0.7167404085096066,0.44174621329347674,1393.842041015625
0.71773036749702,0.4411800249856747,1393.1583251953125
0.7187203264844334,0.4405311475088346,1392.374755859375
0.7197102854718468,0.4398014004290233,1391.4935302734375
0.7207002444592602,0.4391679892637515,1390.7286376953125
0.7216902034466736,0.43848898785980467,1389.90869140625
0.722680162434087,0.43790379519530437,1389.2020263671875
0.7236701214215003,0.4372598709816463,1388.4244384765625
0.7246600804089137,0.4366538543943809,1387.692626953125
0.725650039396327,0.43594048340917135,1386.8311767578125
0.7266399983837404,0.43523024612107686,1385.9735107421875
0.7276299573711538,0.4346278686659452,1385.24609375
0.7286199163585672,0.43389700962909306,1384.363525390625
0.7296098753459805,0.43327239303314435,1383.6092529296875
0.7305998343333939,0.4326622318787267,1382.8724365234375
0.7315897933208073,0.431832610839246,1381.87060546875
0.7325797523082207,0.4312454975216752,1381.16162109375
0.7335697112956341,0.43062623853692333,1380.413818359375
0.7345596702830475,0.42993318603946024,1379.576904296875
0.7355496292704609,0.4292916879138913,1378.80224609375
0.7365395882578742,0.4286498865273112,1378.0272216796875
0.7375295472452876,0.42798999056706627,1377.2303466796875
0.738519506232701,0.4272421489135902,1376.3272705078125
0.7395094652201144,0.4265991344829655,1375.55078125
0.7404994242075277,0.42599170267764813,1374.8172607421875
0.7414893831949411,0.42525437407255834,1373.9268798828125
0.7424793421823545,0.4245020845909188,1373.0184326171875
0.7434693011697678,0.4238364266714622,1372.214599609375
0.7444592601571812,0.4232203013838255,1371.4705810546875
0.7454492191445946,0.42254584889504576,1370.6561279296875
0.746439178132008,0.42187533879941086,1369.846435546875
0.7474291371194214,0.4212727591702718,1369.1187744140625
0.7484190961068348,0.4204033098513278,1368.06884765625
0.7494090550942482,0.41979345195792134,1367.3323974609375
0.7503990140816615,0.4190720950994183,1366.4613037109375
0.7513889730690749,0.41832081648781594,1365.5540771484375
0.7523789320564883,0.41768477706044754,1364.7860107421875
0.7533688910439017,0.4169895006489027,1363.9464111328125
0.754358850031315,0.4163240449034536,1363.142822265625
0.7553488090187284,0.41572995658262646,1362.4254150390625
0.7563387680061417,0.41506065953103616,1361.6171875
0.7573287269935551,0.4142810765583939,1360.67578125
0.7583186859809685,0.4135896414529902,1359.8408203125
0.7593086449683819,0.4130208248830916,1359.1539306640625
0.7602986039557953,0.412325851732558,1358.314697265625
0.7612885629432087,0.4115608252884505,1357.390869140625
0.7622785219306221,0.41070775206410814,1356.3607177734375
0.7632684809180355,0.41006605176453176,1355.5858154296875
0.7642584399054488,0.4093440883840065,1354.7139892578125
0.7652483988928622,0.4085523749709185,1353.7579345703125
0.7662383578802756,0.407855582254318,1352.91650390625
0.767228316867689,0.40714403083517525,1352.0572509765625
0.7682182758551024,0.40641205984128226,1351.17333984375
0.7692082348425157,0.40573710191748397,1350.3582763671875
0.770198193829929,0.4049298211058241,1349.3834228515625
0.7711881528173424,0.40427245232067205,1348.589599609375
0.7721781118047558,0.4035010573953306,1347.6580810546875
0.7731680707921692,0.40272369833677,1346.7193603515625
0.7741580297795826,0.401954628412514,1345.7906494140625
0.775147988766996,0.40107901278634345,1344.7332763671875
0.7761379477544094,0.4003004406837383,1343.7930908203125
0.7771279067418227,0.3996027381841044,1342.9505615234375
0.7781178657292361,0.3988380150010081,1342.027099609375
0.7791078247166495,0.3980696526857781,1341.0992431640625
0.7800977837040629,0.39723184359899655,1340.0875244140625
0.7810877426914763,0.3964992660830813,1339.202880859375
0.7820777016788897,0.3957115961501419,1338.251708984375
0.783067660666303,0.3950547328000084,1337.45849609375
0.7840576196537163,0.3943339824635277,1336.588134765625
0.7850475786411297,0.3935838158089662,1335.6822509765625
0.7860375376285431,0.39290400570898965,1334.861328125
0.7870274966159565,0.39210491294463057,1333.8963623046875
0.7880174556033699,0.39120301469749436,1332.8072509765625
0.7890074145907833,0.3904059436732096,1331.8447265625
0.7899973735781967,0.38954003239939555,1330.799072265625
0.79098733256561,0.38896959843743756,1330.1102294921875
0.7919772915530234,0.38828453181326783,1329.282958984375
0.7929672505404368,0.3874928184001799,1328.326904296875
0.7939572095278502,0.3866017364624411,1327.2508544921875
0.7949471685152636,0.3857663534637487,1326.2420654296875
0.795937127502677,0.38510959120061894,1325.448974609375
0.7969270864900904,0.38425833754234345,1324.4210205078125
0.7979170454775036,0.38347319478449693,1323.472900390625
0.798907004464917,0.38279176729246095,1322.6500244140625
0.7998969634523304,0.3820867865285596,1321.7987060546875
0.8008869224397438,0.3812430133085589,1320.77978515625
0.8018768814271572,0.38052751949627134,1319.915771484375
0.8028668404145706,0.3796342136444508,1318.8370361328125
0.803856799401984,0.3788217773956015,1317.85595703125
0.8048467583893973,0.37798457483084225,1316.844970703125
0.8058367173768107,0.3772251081719391,1315.9278564453125
0.8068266763642241,0.3764571502047239,1315.00048828125
0.8078166353516375,0.37560397589337785,1313.97021484375
0.8088065943390509,0.3748575494579538,1313.06884765625
0.8097965533264643,0.37400851971376003,1312.0435791015625
0.8107865123138777,0.373011498596129,1310.839599609375
0.8117764713012909,0.37209918838761025,1309.7379150390625
0.8127664302887043,0.37146840548443494,1308.9761962890625
0.8137563892761177,0.3705104039502375,1307.8193359375
0.8147463482635311,0.3695869741713102,1306.7042236328125
0.8157363072509445,0.3687064052819577,1305.640869140625
0.8167262662383579,0.3677866146351641,1304.5301513671875
0.8177162252257713,0.36680192613198614,1303.341064453125
0.8187061842131846,0.3660016203235825,1302.3746337890625
0.819696143200598,0.365067677496269,1301.246826171875
0.8206861021880114,0.36425271407232684,1300.2626953125
0.8216760611754248,0.3632435625142501,1299.0440673828125
0.8226660201628382,0.36233388056782795,1297.945556640625
0.8236559791502516,0.36150142909224325,1296.9403076171875
0.824645938137665,0.3605975091050328,1295.8487548828125
0.8256358971250782,0.35946108900928014,1294.4764404296875
0.8266258561124916,0.358642587540208,1293.488037109375
0.827615815099905,0.3576533501218629,1292.29345703125
0.8286057740873184,0.35672112577361254,1291.167724609375
0.8295957330747318,0.35583681666512257,1290.099853515625
0.8305856920621452,0.35486668469047944,1288.9283447265625
0.8315756510495586,0.3540261462545976,1287.913330078125
0.8325656100369719,0.3530437827525051,1286.72705078125
0.8335555690243853,0.35213329211005323,1285.6275634765625
0.8345455280117987,0.3511384949065039,1284.42626953125
0.8355354869992121,0.35031291734717174,1283.4293212890625
0.8365254459866255,0.34942001584336607,1282.35107421875
0.8375154049740389,0.3484438186485001,1281.1722412109375
0.8385053639614523,0.3475841747689164,1280.1341552734375
0.8394953229488656,0.346548032980848,1278.8829345703125
0.8404852819362789,0.3456347119022921,1277.780029296875
0.8414752409236923,0.3447823462869758,1276.750732421875
0.8424651999111057,0.34388499695500674,1275.6671142578125
0.8434551588985191,0.34294357368941836,1274.5302734375
0.8444451178859325,0.3420671493672181,1273.471923828125
0.8454350768733458,0.34110116195972723,1272.305419921875
0.8464250358607592,0.3401906713172754,1271.2059326171875
0.8474149948481726,0.3390931697179526,1269.880615234375
0.848404953835586,0.3382469704098628,1268.8587646484375
0.8493949128229994,0.33750418310657243,1267.9617919921875
0.8503848718104128,0.3365375891770593,1266.7945556640625
0.8513748307978262,0.33560829635191664,1265.67236328125
0.8523647897852396,0.33461117414728186,1264.46826171875
0.8533547487726529,0.33358574758160714,1263.22998046875
0.8543447077600662,0.3327360102283874,1262.203857421875
0.8553346667474796,0.33189243918239414,1261.1851806640625
0.856324625734893,0.3308200071599925,1259.89013671875
0.8573145847223064,0.3298829306355638,1258.758544921875
0.8583045437097198,0.32873094314123924,1257.367431640625
0.8592945026971331,0.32770197853043453,1256.1248779296875
0.8602844616845465,0.3266646236983216,1254.8721923828125
0.8612744206719599,0.3256063438564399,1253.59423828125
0.8622643796593733,0.324547760753547,1252.31591796875
0.8632543386467867,0.32359794726665037,1251.1689453125
0.8642442976342001,0.32267451748772313,1250.0538330078125
0.8652342566216135,0.32171863878060364,1248.8995361328125
0.8662242156090268,0.3208092600951926,1247.8013916015625
0.8672141745964402,0.3197482509042106,1246.5201416015625
0.8682041335838536,0.31874829826347184,1245.3126220703125
0.8691940925712669,0.31751402594812406,1243.8221435546875
0.8701840515586803,0.3165083113481736,1242.607666015625
0.8711740105460937,0.31541121409686573,1241.2828369140625
0.872163969533507,0.31426316899568596,1239.896484375
0.8731539285209204,0.31314211412449783,1238.542724609375
0.8741438875083338,0.31206179731580647,1237.2381591796875
0.8751338464957472,0.31092396200200184,1235.8641357421875
0.8761238054831606,0.3097318429672028,1234.424560546875
0.877113764470574,0.3087258251062412,1233.209716796875
0.8781037234579874,0.30759910936284507,1231.84912109375
0.8790936824454008,0.30657631105926697,1230.614013671875
0.8800836414328141,0.30530140176842613,1229.074462890625
0.8810736004202275,0.30393096525907565,1227.4195556640625
0.8820635594076409,0.30292949631328114,1226.210205078125
0.8830535183950542,0.3018637360331246,1224.9232177734375
0.8840434773824676,0.3008938062324889,1223.751953125
0.885033436369881,0.2997160415522172,1222.3297119140625
0.8860233953572944,0.29862349321607645,1221.0103759765625
0.8870133543447077,0.297310979559854,1219.4254150390625
0.8880033133321211,0.29604678549140695,1217.8988037109375
0.8889932723195345,0.29499628934881117,1216.6302490234375
0.8899832313069479,0.29372855723523406,1215.099365234375
0.8909731902943613,0.29238066312771177,1213.4716796875
0.8919631492817747,0.291246062598026,1212.1015625
0.8929531082691881,0.29018151536191394,1210.8160400390625
0.8939430672566014,0.28907127680012323,1209.475341796875
0.8949330262440148,0.28783993600788316,1207.9884033203125
0.8959229852314282,0.2866137506528325,1206.5076904296875
0.8969129442188416,0.2852833445969527,1204.901123046875
0.8979029032062549,0.2840631233751212,1203.4276123046875
0.8988928621936683,0.28278942712832494,1201.8895263671875
0.8998828211810816,0.28168717443982766,1200.5584716796875
0.900872780168495,0.28052467389711677,1199.1546630859375
0.9018627391559084,0.279141601512302,1197.4844970703125
0.9028526981433218,0.2780193335970693,1196.1292724609375
0.9038426571307352,0.27681478086081346,1194.6746826171875
0.9048326161181486,0.2754455573955075,1193.021240234375
0.905822575105562,0.2741886415913278,1191.50341796875
0.9068125340929754,0.2729283899160255,1189.9815673828125
0.9078024930803887,0.27174263936246046,1188.5496826171875
0.9087924520678021,0.27037816698632905,1186.9019775390625
0.9097824110552155,0.2690369446210519,1185.2823486328125
0.9107723700426289,0.26764851462504025,1183.605712890625
0.9117623290300422,0.2664060542623916,1182.1053466796875
0.9127522880174556,0.2652684211225944,1180.7315673828125
0.913742247004869,0.2637687954224974,1178.920654296875
0.9147322059922823,0.2623313382296845,1177.184814453125
0.9157221649796957,0.260876797333244,1175.4283447265625
0.9167121239671091,0.25963423588359164,1173.9278564453125
0.9177020829545225,0.2583613483328251,1172.3907470703125
0.9186920419419359,0.25713071514961106,1170.9046630859375
0.9196820009293493,0.25585246998764766,1169.361083984375
0.9206719599167626,0.254492344352676,1167.7186279296875
0.921661918904176,0.2529735121218733,1165.884521484375
0.9226518778915894,0.25153322449295645,1164.145263671875
0.9236418368790028,0.25022647279594573,1162.5672607421875
0.9246317958664162,0.24883976127899726,1160.8927001953125
0.9256217548538295,0.24738916277570153,1159.1409912109375
0.9266117138412429,0.24575276635957952,1157.1649169921875
0.9276016728286562,0.24430813198950294,1155.42041015625
0.9285916318160696,0.24292505960468816,1153.750244140625
0.929581590803483,0.24127117513692362,1151.7530517578125
0.9305715497908964,0.23953348954308018,1149.6546630859375
0.9315615087783098,0.2377348484859972,1147.482666015625
0.9325514677657232,0.2360574107463673,1145.45703125
0.9335414267531366,0.23427827948100113,1143.30859375
0.93453138574055,0.23255050041352165,1141.22216796875
0.9355213447279633,0.23075792457666153,1139.0574951171875
0.9365113037153767,0.22884626824942633,1136.7490234375
0.9375012627027901,0.2269676673724056,1134.48046875
0.9384912216902035,0.22504185886465042,1132.1549072265625
0.9394811806776169,0.22295653506503457,1129.63671875
0.9404711396650302,0.2209417699940111,1127.2037353515625
0.9414610986524435,0.21913898436977586,1125.0267333984375
0.9424510576398569,0.21716869758038654,1122.6474609375
0.9434410166272703,0.2150900455230158,1120.1373291015625
0.9444309756146837,0.21306224022851325,1117.6885986328125
0.9454209346020971,0.2109472979368092,1115.1346435546875
0.9464108935895105,0.2092120384310549,1113.0391845703125
0.9474008525769239,0.20737457996454575,1110.8203125
0.9483908115643372,0.20503947017875265,1108.00048828125
0.9493807705517506,0.20314873886128623,1105.71728515625
0.950370729539164,0.2011784520718969,1103.3380126953125
0.9513606885265774,0.1988547651175235,1100.531982421875
0.9523506475139908,0.1968319130862029,1098.0892333984375
0.9533406065014042,0.19475780994399933,1095.5845947265625
0.9543305654888175,0.19261688829234078,1092.999267578125
0.9553205244762308,0.19010730233813733,1089.96875
0.9563104834636442,0.18766463598039257,1087.01904296875
0.9573004424510576,0.1850307130116209,1083.83837890625
0.958290401438471,0.18265385429329392,1080.9681396484375
0.9592803604258844,0.1804984772001043,1078.3653564453125
0.9602703194132978,0.17803953583476156,1075.39599609375
0.9612602784007112,0.175620119487871,1072.474365234375
0.9622502373881245,0.17272134856936872,1068.973876953125
0.9632401963755379,0.17002647013735753,1065.7196044921875
0.9642301553629513,0.1676577994663314,1062.8592529296875
0.9652201143503647,0.16483949380278543,1059.4559326171875
0.9662100733377781,0.16216766320762102,1056.2294921875
0.9672000323251915,0.15954293915618736,1053.0599365234375
0.9681899913126049,0.15708136952874804,1050.08740234375
0.9691799503000181,0.15427357691358834,1046.69677734375
0.9701699092874315,0.1514697266915735,1043.3109130859375
0.9711598682748449,0.14875503520683436,1040.03271484375
0.9721498272622583,0.14588547843240543,1036.5675048828125
0.9731397862496717,0.14300611621861622,1033.0904541015625
0.9741297452370851,0.1398058027680351,1029.225830078125
0.9751197042244985,0.1370371308233127,1025.8824462890625
0.9761096632119118,0.1341025245619938,1022.3386840820312
0.9770996221993252,0.13101750083914848,1018.61328125
0.9780895811867386,0.12772201397457064,1014.6337280273438
0.979079540174152,0.12460732121613528,1010.8724975585938
0.9800694991615654,0.12155853718412143,1007.1908569335938
0.9810594581489788,0.11807669642819686,1002.9862670898438
0.9820494171363922,0.11455361217475699,998.7318725585938
0.9830393761238054,0.11099696703608407,994.4369506835938
0.9840293351112188,0.10724396039269672,989.9049072265625
0.9850192940986322,0.10361326902380331,985.5205688476562
0.9860092530860456,0.09958788344890863,980.6596069335938
0.986999212073459,0.09558802234245173,975.8294677734375
0.9879891710608724,0.0913761817892066,970.7433471679688
0.9889791300482857,0.08759805502539635,966.1809692382812
0.9899690890356991,0.08304620833515922,960.6842651367188
0.9909590480231125,0.0786642888981653,955.3927612304688
0.9919490070105259,0.07400144867785023,949.7620239257812
0.9929389659979393,0.06889473542422703,943.5952758789062
0.9939289249853527,0.06369446614866653,937.3155517578125
0.9949188839727661,0.05810197929869577,930.5621948242188
0.9959088429601795,0.05092116290286899,921.8908081054688
0.9968988019475928,0.04200523863179347,911.1241455078125
0.9978887609350061,0.033132832315816825,900.4100341796875
0.9988787199224195,0.023217764100032262,888.4368286132812
0.9998686789098329,0.006142855041691566,867.8175659179688
