distance_from_outlet_km,elevation_m,easting,northing
0.0,869.5020751953125,309073.8232653204,4352365.1429449385
0.03,867.0403442382812,309103.8232653204,4352365.1429449385
0.07242640687119285,866.1533813476562,309133.8232653204,4352395.1429449385
0.1148528137423857,870.4144287109375,309163.8232653204,4352365.1429449385
0.1448528137423857,868.8846435546875,309193.8232653204,4352365.1429449385
0.18727922061357855,869.3839721679688,309223.8232653204,4352395.1429449385
0.21727922061357857,865.716796875,309253.8232653204,4352395.1429449385
0.25970562748477144,868.5008544921875,309283.8232653204,4352425.1429449385
0.2897056274847714,865.2056274414062,309313.8232653204,4352425.1429449385
0.3321320343559643,868.7476196289062,309343.8232653204,4352455.1429449385
0.36213203435596425,867.2578735351562,309373.8232653204,4352455.1429449385
0.3921320343559643,868.6741333007812,309403.8232653204,4352455.1429449385
0.43455844122715714,875.5304565429688,309433.8232653204,4352485.1429449385
0.47698484809834996,877.9675903320312,309463.8232653204,4352515.1429449385
0.50698484809835,881.4542846679688,309463.8232653204,4352545.1429449385
0.53698484809835,882.8610229492188,309463.8232653204,4352575.1429449385
0.5794112549695428,881.967529296875,309493.8232653204,4352605.1429449385
0.6094112549695428,884.4147338867188,309493.8232653204,4352635.1429449385
0.6394112549695429,884.8274536132812,309493.8232653204,4352665.1429449385
0.6694112549695428,883.4904174804688,309493.8232653204,4352695.1429449385
0.7118376618407357,885.1762084960938,309523.8232653204,4352725.1429449385
0.7418376618407356,886.28662109375,309553.8232653204,4352725.1429449385
0.7842640687119286,888.4637451171875,309583.8232653204,4352755.1429449385
0.8266904755831214,892.0169067382812,309613.8232653204,4352785.1429449385
0.8691168824543143,893.3523559570312,309643.8232653204,4352815.1429449385
0.9115432893255071,892.798095703125,309673.8232653204,4352845.1429449385
0.9539696961966999,893.0086669921875,309703.8232653204,4352875.1429449385
0.9963961030678928,895.0932006835938,309733.8232653204,4352905.1429449385
1.026396103067893,897.369384765625,309733.8232653204,4352935.1429449385
1.056396103067893,899.0807495117188,309733.8232653204,4352965.1429449385
1.0863961030678928,898.3124389648438,309733.8232653204,4352995.1429449385
1.1288225099390856,898.4046630859375,309763.8232653204,4353025.1429449385
1.1588225099390856,899.9298095703125,309763.8232653204,4353055.1429449385
1.2012489168102785,902.2457885742188,309793.8232653204,4353085.1429449385
1.2312489168102785,904.437255859375,309793.8232653204,4353115.1429449385
1.2612489168102783,905.3383178710938,309793.8232653204,4353145.1429449385
1.303675323681471,907.502197265625,309823.8232653204,4353175.1429449385
1.346101730552664,908.6982421875,309853.8232653204,4353205.1429449385
1.3885281374238565,909.5078735351562,309883.8232653204,4353235.1429449385
1.4185281374238565,912.7745971679688,309883.8232653204,4353265.1429449385
1.4609545442950493,912.92333984375,309913.8232653204,4353295.1429449385
1.5033809511662422,916.7236938476562,309943.8232653204,4353325.1429449385
1.5333809511662422,921.767822265625,309943.8232653204,4353355.1429449385
1.5758073580374348,923.4140625,309973.8232653204,4353385.1429449385
1.6182337649086276,922.653076171875,310003.8232653204,4353415.1429449385
1.6482337649086276,922.143798828125,310003.8232653204,4353445.1429449385
1.6906601717798202,924.098388671875,310033.8232653204,4353475.1429449385
1.7206601717798202,929.029052734375,310033.8232653204,4353505.1429449385
1.763086578651013,934.0404052734375,310063.8232653204,4353535.1429449385
1.8055129855222058,928.001708984375,310093.8232653204,4353565.1429449385
1.8479393923933984,929.9788208007812,310123.8232653204,4353595.1429449385
1.8779393923933985,934.689697265625,310153.8232653204,4353595.1429449385
1.9079393923933985,934.7534790039062,310183.8232653204,4353595.1429449385
1.9379393923933985,933.8643188476562,310213.8232653204,4353595.1429449385
1.9679393923933985,933.4384155273438,310243.8232653204,4353595.1429449385
1.9979393923933986,930.8787231445312,310273.8232653204,4353595.1429449385
2.0279393923933986,928.4307861328125,310303.8232653204,4353595.1429449385
2.070365799264591,932.1300048828125,310333.8232653204,4353625.1429449385
2.1003657992645914,932.7156372070312,310363.8232653204,4353625.1429449385
2.1303657992645912,934.9301147460938,310393.8232653204,4353625.1429449385
2.160365799264591,934.71044921875,310423.8232653204,4353625.1429449385
2.1903657992645913,934.7383422851562,310453.8232653204,4353625.1429449385
2.220365799264591,935.7734985351562,310483.8232653204,4353625.1429449385
2.262792206135784,940.4598388671875,310513.8232653204,4353655.1429449385
2.3052186130069767,947.43408203125,310543.8232653204,4353685.1429449385
2.3476450198781693,950.3698120117188,310573.8232653204,4353715.1429449385
2.3900714267493623,949.494384765625,310603.8232653204,4353745.1429449385
2.432497833620555,949.1587524414062,310633.8232653204,4353775.1429449385
2.4749242404917475,948.5814819335938,310663.8232653204,4353805.1429449385
2.5049242404917478,950.9430541992188,310693.8232653204,4353805.1429449385
2.5473506473629404,958.9000244140625,310723.8232653204,4353835.1429449385
2.589777054234133,961.0841674804688,310753.8232653204,4353865.1429449385
2.632203461105326,966.0740356445312,310783.8232653204,4353895.1429449385
2.662203461105326,969.7891845703125,310813.8232653204,4353895.1429449385
2.704629867976519,968.9747924804688,310843.8232653204,4353925.1429449385
2.7470562748477114,968.1621704101562,310873.8232653204,4353955.1429449385
2.7770562748477112,964.6357421875,310903.8232653204,4353955.1429449385
2.8070562748477115,965.4039916992188,310933.8232653204,4353955.1429449385
2.849482681718904,971.2172241210938,310963.8232653204,4353985.1429449385
2.8919090885900967,977.6605834960938,310993.8232653204,4354015.1429449385
2.9343354954612897,986.2460327148438,311023.8232653204,4354045.1429449385
2.9767619023324823,987.2462768554688,311053.8232653204,4354075.1429449385
3.019188309203675,984.5450439453125,311083.8232653204,4354105.1429449385
3.049188309203675,984.8115234375,311113.8232653204,4354105.1429449385
3.0916147160748677,984.6381225585938,311143.8232653204,4354075.1429449385
3.121614716074868,985.2846069335938,311173.8232653204,4354075.1429449385
3.1516147160748678,987.2833251953125,311203.8232653204,4354075.1429449385
3.181614716074868,989.9844360351562,311233.8232653204,4354075.1429449385
3.211614716074868,994.3240966796875,311263.8232653204,4354075.1429449385
3.2540411229460604,998.6868896484375,311293.8232653204,4354105.1429449385
3.2964675298172534,1004.495361328125,311323.8232653204,4354135.1429449385
3.338893936688446,1009.9625854492188,311353.8232653204,4354165.1429449385
3.3813203435596386,1012.1202392578125,311383.8232653204,4354195.1429449385
3.411320343559639,1012.9973754882812,311413.8232653204,4354195.1429449385
3.4537467504308315,1005.5628051757812,311443.8232653204,4354225.1429449385
3.496173157302024,1012.1390380859375,311473.8232653204,4354255.1429449385
3.5261731573020243,1014.3201904296875,311503.8232653204,4354255.1429449385
3.556173157302024,1017.4257202148438,311533.8232653204,4354255.1429449385
3.5861731573020244,1020.1236572265625,311563.8232653204,4354255.1429449385
3.616173157302024,1025.19921875,311593.8232653204,4354255.1429449385
3.658599564173217,1030.7933349609375,311623.8232653204,4354285.1429449385
3.688599564173217,1033.171630859375,311653.8232653204,4354285.1429449385
3.718599564173217,1035.2677001953125,311683.8232653204,4354285.1429449385
3.748599564173217,1043.3819580078125,311713.8232653204,4354285.1429449385
3.778599564173217,1045.4168701171875,311743.8232653204,4354285.1429449385
3.82102597104441,1045.3997802734375,311773.8232653204,4354315.1429449385
3.8634523779156025,1049.519775390625,311803.8232653204,4354345.1429449385
3.8934523779156023,1055.2952880859375,311833.8232653204,4354345.1429449385
3.9358787847867953,1054.8817138671875,311863.8232653204,4354375.1429449385
3.965878784786795,1051.070556640625,311893.8232653204,4354375.1429449385
4.008305191657988,1062.8592529296875,311923.8232653204,4354405.1429449385
4.050731598529181,1060.820556640625,311953.8232653204,4354435.1429449385
4.080731598529181,1073.698486328125,311953.8232653204,4354465.1429449385
4.123158005400374,1075.6180419921875,311983.8232653204,4354495.1429449385
4.153158005400374,1078.4864501953125,311983.8232653204,4354525.1429449385
4.195584412271566,1077.1484375,312013.8232653204,4354555.1429449385
4.238010819142759,1072.8505859375,312043.8232653204,4354585.1429449385
4.280437226013952,1073.6436767578125,312073.8232653204,4354615.1429449385
4.322863632885144,1076.9000244140625,312103.8232653204,4354645.1429449385
4.352863632885144,1077.18359375,312103.8232653204,4354675.1429449385
4.382863632885145,1080.0325927734375,312103.8232653204,4354705.1429449385
4.425290039756337,1082.51611328125,312133.8232653204,4354735.1429449385
4.4552900397563375,1080.768310546875,312133.8232653204,4354765.1429449385
4.49771644662753,1085.467529296875,312163.8232653204,4354795.1429449385
4.540142853498723,1085.939697265625,312193.8232653204,4354825.1429449385
4.570142853498723,1083.029541015625,312193.8232653204,4354855.1429449385
4.6125692603699155,1086.431396484375,312223.8232653204,4354885.1429449385
4.642569260369916,1089.9632568359375,312223.8232653204,4354915.1429449385
4.684995667241108,1091.9969482421875,312253.8232653204,4354945.1429449385
4.727422074112301,1094.1131591796875,312283.8232653204,4354975.1429449385
4.757422074112301,1094.117431640625,312283.8232653204,4355005.1429449385
4.787422074112301,1096.0997314453125,312283.8232653204,4355035.1429449385
4.829848480983493,1099.232421875,312313.8232653204,4355065.1429449385
4.859848480983493,1102.3154296875,312313.8232653204,4355095.1429449385
4.902274887854686,1104.0338134765625,312343.8232653204,4355125.1429449385
4.9447012947258795,1102.2188720703125,312373.8232653204,4355155.1429449385
4.987127701597072,1102.841064453125,312403.8232653204,4355185.1429449385
5.029554108468265,1101.8927001953125,312433.8232653204,4355215.1429449385
5.059554108468265,1104.4736328125,312463.8232653204,4355215.1429449385
5.1019805153394575,1111.83447265625,312493.8232653204,4355245.1429449385
5.14440692221065,1112.485107421875,312523.8232653204,4355275.1429449385
5.186833329081843,1117.8846435546875,312553.8232653204,4355305.1429449385
5.229259735953035,1117.3712158203125,312583.8232653204,4355335.1429449385
5.2592597359530355,1116.5987548828125,312613.8232653204,4355335.1429449385
5.289259735953036,1116.7469482421875,312643.8232653204,4355335.1429449385
5.319259735953035,1117.545654296875,312673.8232653204,4355335.1429449385
5.349259735953035,1121.8575439453125,312703.8232653204,4355335.1429449385
5.379259735953036,1127.8367919921875,312733.8232653204,4355335.1429449385
5.421686142824228,1137.8935546875,312763.8232653204,4355365.1429449385
5.464112549695421,1140.0538330078125,312793.8232653204,4355395.1429449385
5.494112549695421,1138.2525634765625,312823.8232653204,4355395.1429449385
5.524112549695421,1136.7490234375,312853.8232653204,4355395.1429449385
5.566538956566614,1137.56591796875,312883.8232653204,4355425.1429449385
5.6089653634378065,1137.8648681640625,312913.8232653204,4355455.1429449385
5.651391770308999,1136.76220703125,312943.8232653204,4355485.1429449385
5.693818177180192,1138.238037109375,312973.8232653204,4355515.1429449385
5.723818177180192,1140.5118408203125,313003.8232653204,4355515.1429449385
5.753818177180192,1142.62060546875,313033.8232653204,4355515.1429449385
5.796244584051385,1144.856201171875,313063.8232653204,4355545.1429449385
5.826244584051385,1145.6090087890625,313093.8232653204,4355545.1429449385
5.856244584051384,1146.539306640625,313123.8232653204,4355545.1429449385
5.898670990922577,1147.1134033203125,313153.8232653204,4355575.1429449385
5.928670990922577,1147.046875,313183.8232653204,4355575.1429449385
5.97109739779377,1147.0130615234375,313213.8232653204,4355605.1429449385
6.013523804664963,1149.876220703125,313243.8232653204,4355635.1429449385
6.043523804664963,1154.0947265625,313243.8232653204,4355665.1429449385
6.085950211536155,1155.8187255859375,313273.8232653204,4355695.1429449385
6.128376618407349,1154.855224609375,313303.8232653204,4355725.1429449385
6.170803025278541,1155.6141357421875,313333.8232653204,4355755.1429449385
6.200803025278541,1151.5162353515625,313363.8232653204,4355755.1429449385
6.243229432149734,1150.626953125,313393.8232653204,4355785.1429449385
6.285655839020927,1154.2918701171875,313423.8232653204,4355815.1429449385
6.328082245892119,1157.0267333984375,313453.8232653204,4355845.1429449385
6.370508652763312,1156.34619140625,313483.8232653204,4355875.1429449385
6.400508652763312,1157.2611083984375,313483.8232653204,4355905.1429449385
6.430508652763312,1159.576171875,313483.8232653204,4355935.1429449385
6.472935059634505,1158.4892578125,313513.8232653204,4355965.1429449385
6.515361466505698,1160.76953125,313543.8232653204,4355995.1429449385
6.55778787337689,1160.7567138671875,313573.8232653204,4356025.1429449385
6.58778787337689,1159.7872314453125,313603.8232653204,4356025.1429449385
6.630214280248083,1169.808349609375,313633.8232653204,4356055.1429449385
6.672640687119276,1168.1142578125,313663.8232653204,4356085.1429449385
6.715067093990468,1165.884521484375,313693.8232653204,4356115.1429449385
6.757493500861662,1167.401611328125,313723.8232653204,4356145.1429449385
6.787493500861661,1167.690673828125,313753.8232653204,4356145.1429449385
6.817493500861661,1168.62353515625,313783.8232653204,4356145.1429449385
6.8474935008616615,1172.067626953125,313813.8232653204,4356145.1429449385
6.889919907732854,1174.9932861328125,313843.8232653204,4356175.1429449385
6.919919907732854,1175.2220458984375,313873.8232653204,4356175.1429449385
6.949919907732854,1175.05712890625,313903.8232653204,4356175.1429449385
6.992346314604046,1175.62158203125,313933.8232653204,4356205.1429449385
7.03477272147524,1177.20068359375,313963.8232653204,4356235.1429449385
7.064772721475239,1180.25390625,313993.8232653204,4356235.1429449385
7.107199128346432,1183.0955810546875,314023.8232653204,4356265.1429449385
7.149625535217625,1182.025634765625,314053.8232653204,4356295.1429449385
7.179625535217625,1182.542724609375,314053.8232653204,4356325.1429449385
7.222051942088818,1183.6893310546875,314083.8232653204,4356355.1429449385
7.252051942088817,1185.97607421875,314083.8232653204,4356385.1429449385
7.29447834896001,1186.3880615234375,314113.8232653204,4356415.1429449385
7.32447834896001,1187.446533203125,314113.8232653204,4356445.1429449385
7.366904755831203,1187.471923828125,314143.8232653204,4356475.1429449385
7.4093311627023954,1186.9002685546875,314173.8232653204,4356505.1429449385
7.451757569573589,1189.9815673828125,314203.8232653204,4356535.1429449385
7.481757569573588,1192.7918701171875,314203.8232653204,4356565.1429449385
7.524183976444782,1194.7708740234375,314173.8232653204,4356595.1429449385
7.554183976444781,1193.1031494140625,314173.8232653204,4356625.1429449385
7.584183976444781,1194.8922119140625,314173.8232653204,4356655.1429449385
7.614183976444782,1196.015869140625,314173.8232653204,4356685.1429449385
7.644183976444781,1195.673828125,314173.8232653204,4356715.1429449385
7.674183976444781,1198.294677734375,314173.8232653204,4356745.1429449385
7.716610383315974,1201.917724609375,314203.8232653204,4356775.1429449385
7.746610383315974,1202.506103515625,314203.8232653204,4356805.1429449385
7.776610383315974,1203.404052734375,314203.8232653204,4356835.1429449385
7.806610383315974,1205.9842529296875,314203.8232653204,4356865.1429449385
7.836610383315974,1210.73681640625,314203.8232653204,4356895.1429449385
7.8790367901871665,1210.5079345703125,314233.8232653204,4356925.1429449385
7.909036790187167,1210.810546875,314233.8232653204,4356955.1429449385
7.951463197058359,1210.6806640625,314263.8232653204,4356985.1429449385
7.98146319705836,1211.8118896484375,314263.8232653204,4357015.1429449385
8.023889603929552,1216.9759521484375,314293.8232653204,4357045.1429449385
8.066316010800746,1219.4727783203125,314323.8232653204,4357075.1429449385
8.108742417671937,1219.94580078125,314353.8232653204,4357105.1429449385
8.15116882454313,1228.86767578125,314383.8232653204,4357135.1429449385
8.193595231414323,1226.2799072265625,314413.8232653204,4357165.1429449385
8.223595231414324,1225.2354736328125,314413.8232653204,4357195.1429449385
8.253595231414323,1225.98974609375,314413.8232653204,4357225.1429449385
8.283595231414322,1226.6112060546875,314413.8232653204,4357255.1429449385
8.326021638285516,1229.738525390625,314443.8232653204,4357285.1429449385
8.356021638285515,1234.86181640625,314443.8232653204,4357315.1429449385
8.386021638285516,1240.0345458984375,314443.8232653204,4357345.1429449385
8.416021638285516,1243.308837890625,314443.8232653204,4357375.1429449385
8.446021638285517,1243.436279296875,314443.8232653204,4357405.1429449385
8.476021638285516,1244.5692138671875,314443.8232653204,4357435.1429449385
8.518448045156708,1248.2445068359375,314413.8232653204,4357465.1429449385
8.548448045156709,1250.6558837890625,314413.8232653204,4357495.1429449385
8.5908744520279,1249.5673828125,314383.8232653204,4357525.1429449385
8.620874452027902,1254.385986328125,314383.8232653204,4357555.1429449385
8.650874452027901,1261.177490234375,314383.8232653204,4357585.1429449385
8.693300858899095,1265.6527099609375,314353.8232653204,4357615.1429449385
8.723300858899094,1264.7645263671875,314353.8232653204,4357645.1429449385
8.753300858899093,1267.273681640625,314353.8232653204,4357675.1429449385
8.783300858899095,1272.2572021484375,314353.8232653204,4357705.1429449385
8.825727265770286,1277.17431640625,314323.8232653204,4357735.1429449385
8.86815367264148,1280.7296142578125,314353.8232653204,4357765.1429449385
8.910580079512673,1285.173583984375,314383.8232653204,4357795.1429449385
8.940580079512673,1289.5662841796875,314383.8232653204,4357825.1429449385
8.970580079512672,1294.253173828125,314383.8232653204,4357855.1429449385
9.013006486383865,1303.9716796875,314413.8232653204,4357885.1429449385
9.043006486383865,1306.2945556640625,314413.8232653204,4357915.1429449385
9.073006486383866,1307.4803466796875,314413.8232653204,4357945.1429449385
9.103006486383865,1307.919921875,314413.8232653204,4357975.1429449385
9.145432893255059,1310.2408447265625,314443.8232653204,4358005.1429449385
9.175432893255058,1311.510009765625,314443.8232653204,4358035.1429449385
9.205432893255058,1313.9232177734375,314443.8232653204,4358065.1429449385
9.235432893255059,1316.1790771484375,314443.8232653204,4358095.1429449385
9.27785930012625,1317.6746826171875,314473.8232653204,4358125.1429449385
9.307859300126252,1314.60498046875,314473.8232653204,4358155.1429449385
9.33785930012625,1313.8907470703125,314473.8232653204,4358185.1429449385
9.380285706997443,1317.0401611328125,314503.8232653204,4358215.1429449385
9.410285706997444,1318.16259765625,314503.8232653204,4358245.1429449385
9.452712113868635,1318.623291015625,314533.8232653204,4358275.1429449385
9.482712113868637,1317.123291015625,314533.8232653204,4358305.1429449385
9.512712113868636,1316.9901123046875,314533.8232653204,4358335.1429449385
9.542712113868635,1318.356201171875,314533.8232653204,4358365.1429449385
9.572712113868636,1319.4320068359375,314533.8232653204,4358395.1429449385
9.602712113868636,1320.6031494140625,314533.8232653204,4358425.1429449385
9.632712113868637,1322.178466796875,314533.8232653204,4358455.1429449385
9.662712113868636,1320.7386474609375,314533.8232653204,4358485.1429449385
9.692712113868636,1320.2247314453125,314533.8232653204,4358515.1429449385
9.735138520739829,1322.685546875,314563.8232653204,4358545.1429449385
9.765138520739828,1322.378173828125,314563.8232653204,4358575.1429449385
9.807564927611022,1325.515869140625,314593.8232653204,4358605.1429449385
9.837564927611021,1330.0419921875,314593.8232653204,4358635.1429449385
9.879991334482215,1329.3018798828125,314623.8232653204,4358665.1429449385
9.922417741353406,1329.9261474609375,314653.8232653204,4358695.1429449385
9.952417741353408,1332.150146484375,314653.8232653204,4358725.1429449385
9.9948441482246,1333.069091796875,314683.8232653204,4358755.1429449385
10.037270555095793,1335.6278076171875,314713.8232653204,4358785.1429449385
10.067270555095792,1335.603271484375,314713.8232653204,4358815.1429449385
10.097270555095793,1335.739013671875,314713.8232653204,4358845.1429449385
10.127270555095793,1337.1837158203125,314713.8232653204,4358875.1429449385
10.157270555095792,1336.790283203125,314713.8232653204,4358905.1429449385
10.199696961966985,1332.2147216796875,314743.8232653204,4358935.1429449385
10.229696961966985,1333.510986328125,314743.8232653204,4358965.1429449385
10.272123368838178,1337.9854736328125,314773.8232653204,4358995.1429449385
10.31454977570937,1335.317138671875,314743.8232653204,4359025.1429449385
10.344549775709371,1336.0223388671875,314743.8232653204,4359055.1429449385
10.37454977570937,1340.263916015625,314743.8232653204,4359085.1429449385
10.416976182580564,1342.212890625,314773.8232653204,4359115.1429449385
10.446976182580563,1341.4813232421875,314773.8232653204,4359145.1429449385
10.476976182580563,1342.3067626953125,314773.8232653204,4359175.1429449385
10.506976182580564,1343.340576171875,314773.8232653204,4359205.1429449385
10.536976182580563,1343.7930908203125,314773.8232653204,4359235.1429449385
10.566976182580564,1343.8092041015625,314773.8232653204,4359265.1429449385
10.609402589451756,1343.5694580078125,314803.8232653204,4359295.1429449385
10.639402589451755,1343.620849609375,314803.8232653204,4359325.1429449385
10.669402589451757,1345.7503662109375,314803.8232653204,4359355.1429449385
10.699402589451756,1347.325927734375,314803.8232653204,4359385.1429449385
10.729402589451757,1349.29296875,314803.8232653204,4359415.1429449385
10.759402589451756,1351.241943359375,314803.8232653204,4359445.1429449385
10.789402589451756,1354.7679443359375,314803.8232653204,4359475.1429449385
10.819402589451757,1356.0343017578125,314803.8232653204,4359505.1429449385
10.849402589451756,1355.388671875,314803.8232653204,4359535.1429449385
10.879402589451756,1355.0723876953125,314803.8232653204,4359565.1429449385
10.909402589451757,1354.4022216796875,314803.8232653204,4359595.1429449385
10.939402589451756,1356.134521484375,314803.8232653204,4359625.1429449385
10.98182899632295,1358.9940185546875,314833.8232653204,4359655.1429449385
11.011828996322949,1360.717041015625,314833.8232653204,4359685.1429449385
11.041828996322948,1359.822509765625,314833.8232653204,4359715.1429449385
11.084255403194142,1359.162841796875,314803.8232653204,4359745.1429449385
11.126681810065335,1361.7501220703125,314773.8232653204,4359775.1429449385
11.156681810065335,1365.3575439453125,314773.8232653204,4359805.1429449385
11.186681810065334,1370.37353515625,314773.8232653204,4359835.1429449385
11.229108216936527,1366.930419921875,314743.8232653204,4359865.1429449385
11.27153462380772,1367.4022216796875,314713.8232653204,4359895.1429449385
11.30153462380772,1368.015380859375,314713.8232653204,4359925.1429449385
11.33153462380772,1369.7259521484375,314713.8232653204,4359955.1429449385
11.36153462380772,1371.5548095703125,314713.8232653204,4359985.1429449385
11.39153462380772,1370.449462890625,314713.8232653204,4360015.1429449385
11.433961030678912,1377.0130615234375,314683.8232653204,4360045.1429449385
11.476387437550105,1376.071533203125,314713.8232653204,4360075.1429449385
11.506387437550105,1375.23291015625,314713.8232653204,4360105.1429449385
11.536387437550106,1376.9012451171875,314713.8232653204,4360135.1429449385
11.578813844421298,1375.2445068359375,314743.8232653204,4360165.1429449385
11.621240251292491,1376.99853515625,314773.8232653204,4360195.1429449385
11.663666658163685,1380.616943359375,314803.8232653204,4360225.1429449385
11.693666658163684,1378.9244384765625,314803.8232653204,4360255.1429449385
11.723666658163683,1381.134521484375,314803.8232653204,4360285.1429449385
11.766093065034877,1381.9930419921875,314773.8232653204,4360315.1429449385
11.808519471906068,1381.3299560546875,314743.8232653204,4360345.1429449385
11.850945878777262,1385.45556640625,314713.8232653204,4360375.1429449385
11.880945878777261,1388.489990234375,314713.8232653204,4360405.1429449385
11.923372285648455,1388.5638427734375,314683.8232653204,4360435.1429449385
11.953372285648454,1389.107666015625,314683.8232653204,4360465.1429449385
11.983372285648455,1391.0556640625,314683.8232653204,4360495.1429449385
12.025798692519647,1391.5228271484375,314653.8232653204,4360525.1429449385
12.055798692519648,1389.7880859375,314653.8232653204,4360555.1429449385
12.09822509939084,1393.4508056640625,314623.8232653204,4360585.1429449385
12.140651506262033,1400.0223388671875,314593.8232653204,4360615.1429449385
12.183077913133225,1403.217529296875,314563.8232653204,4360645.1429449385
12.213077913133226,1408.5361328125,314563.8232653204,4360675.1429449385
12.255504320004418,1418.7994384765625,314533.8232653204,4360705.1429449385
12.297930726875611,1421.03076171875,314503.8232653204,4360735.1429449385
12.32793072687561,1423.894775390625,314503.8232653204,4360765.1429449385
12.370357133746804,1429.2646484375,314473.8232653204,4360795.1429449385
12.412783540617996,1430.075927734375,314503.8232653204,4360825.1429449385
12.442783540617997,1430.447265625,314503.8232653204,4360855.1429449385
12.472783540617996,1432.4007568359375,314503.8232653204,4360885.1429449385
12.51520994748919,1431.5069580078125,314533.8232653204,4360915.1429449385
12.557636354360382,1431.347412109375,314503.8232653204,4360945.1429449385
12.600062761231575,1430.9959716796875,314533.8232653204,4360975.1429449385
12.630062761231574,1430.0289306640625,314533.8232653204,4361005.1429449385
12.660062761231575,1432.6676025390625,314533.8232653204,4361035.1429449385
12.690062761231575,1434.0196533203125,314533.8232653204,4361065.1429449385
12.720062761231574,1435.5823974609375,314533.8232653204,4361095.1429449385
12.750062761231575,1439.1558837890625,314533.8232653204,4361125.1429449385
12.780062761231575,1437.625732421875,314533.8232653204,4361155.1429449385
12.822489168102768,1436.7491455078125,314503.8232653204,4361185.1429449385
12.852489168102768,1442.7371826171875,314473.8232653204,4361185.1429449385
12.894915574973961,1450.6754150390625,314443.8232653204,4361215.1429449385
12.937341981845153,1453.972900390625,314413.8232653204,4361245.1429449385
12.979768388716346,1456.289306640625,314383.8232653204,4361275.1429449385
13.009768388716346,1454.3214111328125,314383.8232653204,4361305.1429449385
13.039768388716345,1459.79052734375,314383.8232653204,4361335.1429449385
13.082194795587538,1465.8980712890625,314353.8232653204,4361365.1429449385
13.112194795587538,1469.0653076171875,314353.8232653204,4361395.1429449385
13.142194795587539,1474.0869140625,314353.8232653204,4361425.1429449385
13.172194795587538,1481.3802490234375,314353.8232653204,4361455.1429449385
13.214621202458732,1488.1134033203125,314323.8232653204,4361485.1429449385
13.244621202458731,1490.59375,314323.8232653204,4361515.1429449385
13.27462120245873,1496.46435546875,314323.8232653204,4361545.1429449385
13.304621202458732,1506.349853515625,314323.8232653204,4361575.1429449385
13.334621202458731,1507.267333984375,314323.8232653204,4361605.1429449385
13.377047609329924,1508.650634765625,314293.8232653204,4361635.1429449385
13.407047609329924,1513.6292724609375,314293.8232653204,4361665.1429449385
13.437047609329923,1518.744384765625,314293.8232653204,4361695.1429449385
13.479474016201117,1516.446533203125,314263.8232653204,4361725.1429449385
13.509474016201116,1517.09716796875,314263.8232653204,4361755.1429449385
13.539474016201117,1519.1611328125,314263.8232653204,4361785.1429449385
13.581900423072309,1524.060302734375,314233.8232653204,4361815.1429449385
13.61190042307231,1521.9554443359375,314233.8232653204,4361845.1429449385
13.64190042307231,1520.098876953125,314233.8232653204,4361875.1429449385
13.671900423072309,1521.1318359375,314233.8232653204,4361905.1429449385
13.714326829943502,1521.2373046875,314263.8232653204,4361935.1429449385
13.756753236814696,1529.32666015625,314233.8232653204,4361965.1429449385
13.799179643685887,1534.037841796875,314203.8232653204,4361995.1429449385
13.84160605055708,1533.732421875,314173.8232653204,4362025.1429449385
13.87160605055708,1534.0504150390625,314173.8232653204,4362055.1429449385
13.90160605055708,1534.7471923828125,314173.8232653204,4362085.1429449385
13.93160605055708,1534.514892578125,314173.8232653204,4362115.1429449385
13.96160605055708,1535.9283447265625,314173.8232653204,4362145.1429449385
14.004032457428274,1540.5047607421875,314203.8232653204,4362175.1429449385
14.046458864299465,1547.8380126953125,314173.8232653204,4362205.1429449385
14.088885271170659,1554.6558837890625,314143.8232653204,4362235.1429449385
14.118885271170658,1563.474853515625,314143.8232653204,4362265.1429449385
14.14888527117066,1569.8740234375,314143.8232653204,4362295.1429449385
14.191311678041851,1571.4346923828125,314113.8232653204,4362325.1429449385
14.233738084913044,1575.1533203125,314083.8232653204,4362355.1429449385
14.276164491784236,1580.426025390625,314053.8232653204,4362385.1429449385
14.31859089865543,1581.66748046875,314023.8232653204,4362415.1429449385
14.361017305526623,1586.127685546875,313993.8232653204,4362445.1429449385
14.403443712397815,1593.3203125,313963.8232653204,4362475.1429449385
14.445870119269008,1597.6134033203125,313933.8232653204,4362505.1429449385
14.475870119269008,1599.8643798828125,313933.8232653204,4362535.1429449385
14.518296526140201,1603.3115234375,313903.8232653204,4362565.1429449385
14.560722933011393,1608.7288818359375,313873.8232653204,4362595.1429449385
14.603149339882586,1609.0391845703125,313843.8232653204,4362625.1429449385
14.633149339882586,1607.221923828125,313843.8232653204,4362655.1429449385
14.663149339882587,1609.0809326171875,313843.8232653204,4362685.1429449385
14.705575746753778,1613.1981201171875,313813.8232653204,4362715.1429449385
14.73557574675378,1614.417236328125,313813.8232653204,4362745.1429449385
14.765575746753779,1618.2066650390625,313813.8232653204,4362775.1429449385
14.795575746753778,1616.45751953125,313813.8232653204,4362805.1429449385
14.82557574675378,1616.4453125,313813.8232653204,4362835.1429449385
14.868002153624971,1618.627197265625,313843.8232653204,4362865.1429449385
14.898002153624972,1621.2939453125,313843.8232653204,4362895.1429449385
14.940428560496164,1621.38330078125,313813.8232653204,4362925.1429449385
14.970428560496163,1622.6937255859375,313813.8232653204,4362955.1429449385
15.000428560496164,1624.5328369140625,313813.8232653204,4362985.1429449385
15.030428560496164,1626.072998046875,313813.8232653204,4363015.1429449385
15.072854967367357,1627.027587890625,313843.8232653204,4363045.1429449385
15.102854967367357,1628.09521484375,313843.8232653204,4363075.1429449385
15.132854967367358,1629.302001953125,313843.8232653204,4363105.1429449385
15.162854967367357,1630.4808349609375,313843.8232653204,4363135.1429449385
15.205281374238549,1631.7222900390625,313873.8232653204,4363165.1429449385
15.23528137423855,1633.4229736328125,313873.8232653204,4363195.1429449385
15.26528137423855,1635.2540283203125,313873.8232653204,4363225.1429449385
15.307707781109743,1635.0875244140625,313903.8232653204,4363255.1429449385
15.337707781109742,1635.0340576171875,313903.8232653204,4363285.1429449385
15.380134187980936,1635.193359375,313933.8232653204,4363315.1429449385
15.410134187980935,1634.0323486328125,313933.8232653204,4363345.1429449385
15.440134187980934,1637.03857421875,313933.8232653204,4363375.1429449385
15.470134187980936,1639.69873046875,313933.8232653204,4363405.1429449385
15.512560594852127,1639.208984375,313963.8232653204,4363435.1429449385
15.542560594852128,1638.647216796875,313963.8232653204,4363465.1429449385
15.572560594852128,1639.9549560546875,313963.8232653204,4363495.1429449385
15.614987001723321,1640.0118408203125,313993.8232653204,4363525.1429449385
15.64498700172332,1637.8017578125,313993.8232653204,4363555.1429449385
15.67498700172332,1636.971435546875,313993.8232653204,4363585.1429449385
15.704987001723321,1640.7987060546875,313993.8232653204,4363615.1429449385
15.747413408594513,1645.16552734375,313963.8232653204,4363645.1429449385
15.777413408594514,1647.063720703125,313963.8232653204,4363675.1429449385
15.819839815465706,1650.11962890625,313993.8232653204,4363705.1429449385
15.849839815465707,1653.44287109375,313993.8232653204,4363735.1429449385
15.879839815465706,1652.657470703125,313993.8232653204,4363765.1429449385
15.9222662223369,1652.273681640625,314023.8232653204,4363795.1429449385
15.952266222336899,1652.026611328125,314023.8232653204,4363825.1429449385
15.982266222336898,1652.78955078125,314023.8232653204,4363855.1429449385
16.02469262920809,1655.772705078125,314053.8232653204,4363885.1429449385
16.067119036079283,1659.0167236328125,314023.8232653204,4363915.1429449385
16.109545442950477,1662.08447265625,314053.8232653204,4363945.1429449385
16.139545442950478,1665.24853515625,314053.8232653204,4363975.1429449385
16.169545442950476,1665.063720703125,314053.8232653204,4364005.1429449385
16.21197184982167,1662.575927734375,314083.8232653204,4364035.1429449385
16.24197184982167,1663.900146484375,314083.8232653204,4364065.1429449385
16.27197184982167,1661.875,314083.8232653204,4364095.1429449385
16.31439825669286,1663.707763671875,314113.8232653204,4364125.1429449385
16.344398256692863,1667.0594482421875,314113.8232653204,4364155.1429449385
16.374398256692864,1671.595458984375,314113.8232653204,4364185.1429449385
16.416824663564057,1674.162109375,314143.8232653204,4364215.1429449385
16.44682466356406,1677.7725830078125,314143.8232653204,4364245.1429449385
16.489251070435248,1681.7445068359375,314113.8232653204,4364275.1429449385
16.53167747730644,1683.9276123046875,314143.8232653204,4364305.1429449385
16.574103884177635,1685.0230712890625,314113.8232653204,4364335.1429449385
16.61653029104883,1685.6168212890625,314143.8232653204,4364365.1429449385
16.64653029104883,1684.130126953125,314143.8232653204,4364395.1429449385
16.676530291048827,1683.8253173828125,314143.8232653204,4364425.1429449385
16.70653029104883,1686.0008544921875,314143.8232653204,4364455.1429449385
16.73653029104883,1689.390380859375,314143.8232653204,4364485.1429449385
16.77895669792002,1691.84716796875,314173.8232653204,4364515.1429449385
16.80895669792002,1691.28173828125,314173.8232653204,4364545.1429449385
16.838956697920022,1691.7078857421875,314173.8232653204,4364575.1429449385
16.86895669792002,1694.0274658203125,314173.8232653204,4364605.1429449385
16.89895669792002,1698.146728515625,314173.8232653204,4364635.1429449385
16.941383104791214,1702.26904296875,314203.8232653204,4364665.1429449385
16.983809511662407,1705.231689453125,314233.8232653204,4364695.1429449385
17.013809511662405,1707.06103515625,314233.8232653204,4364725.1429449385
17.043809511662406,1707.7802734375,314233.8232653204,4364755.1429449385
17.0862359185336,1711.1119384765625,314263.8232653204,4364785.1429449385
17.128662325404793,1719.7093505859375,314233.8232653204,4364815.1429449385
17.171088732275983,1723.82568359375,314263.8232653204,4364845.1429449385
17.213515139147177,1723.62353515625,314293.8232653204,4364875.1429449385
17.243515139147178,1725.11083984375,314293.8232653204,4364905.1429449385
17.27351513914718,1728.8201904296875,314293.8232653204,4364935.1429449385
17.303515139147176,1733.3671875,314293.8232653204,4364965.1429449385
17.34594154601837,1735.7318115234375,314323.8232653204,4364995.1429449385
17.37594154601837,1737.185546875,314323.8232653204,4365025.1429449385
17.41836795288956,1738.6724853515625,314353.8232653204,4365055.1429449385
17.460794359760754,1746.3101806640625,314383.8232653204,4365085.1429449385
17.503220766631948,1752.191162109375,314413.8232653204,4365115.1429449385
17.53322076663195,1755.131103515625,314443.8232653204,4365115.1429449385
17.563220766631947,1760.343994140625,314473.8232653204,4365115.1429449385
17.60564717350314,1768.4176025390625,314503.8232653204,4365145.1429449385
17.648073580374334,1770.0810546875,314533.8232653204,4365175.1429449385
17.690499987245527,1776.29931640625,314563.8232653204,4365205.1429449385
17.73292639411672,1784.58544921875,314593.8232653204,4365235.1429449385
17.77535280098791,1789.311279296875,314623.8232653204,4365265.1429449385
17.817779207859104,1795.710205078125,314653.8232653204,4365295.1429449385
17.860205614730297,1801.069091796875,314683.8232653204,4365325.1429449385
17.90263202160149,1807.3349609375,314713.8232653204,4365355.1429449385
17.93263202160149,1810.2657470703125,314743.8232653204,4365355.1429449385
17.975058428472682,1810.87548828125,314773.8232653204,4365385.1429449385
18.005058428472683,1814.71728515625,314803.8232653204,4365385.1429449385
18.035058428472684,1820.9095458984375,314833.8232653204,4365385.1429449385
18.077484835343874,1825.1280517578125,314863.8232653204,4365415.1429449385
18.107484835343875,1828.987060546875,314893.8232653204,4365415.1429449385
18.137484835343876,1837.9471435546875,314923.8232653204,4365415.1429449385
18.17991124221507,1846.520751953125,314953.8232653204,4365445.1429449385
18.22233764908626,1856.1138916015625,314983.8232653204,4365415.1429449385
18.264764055957453,1864.47607421875,315013.8232653204,4365385.1429449385
18.294764055957454,1871.1787109375,315043.8232653204,4365385.1429449385
18.324764055957452,1880.8533935546875,315073.8232653204,4365385.1429449385
18.367190462828646,1888.041259765625,315103.8232653204,4365355.1429449385
18.397190462828647,1893.721435546875,315133.8232653204,4365355.1429449385
18.427190462828648,1898.8978271484375,315163.8232653204,4365355.1429449385
18.457190462828645,1903.1729736328125,315193.8232653204,4365355.1429449385
18.487190462828647,1911.1689453125,315223.8232653204,4365355.1429449385
18.517190462828648,1924.00244140625,315253.8232653204,4365355.1429449385
18.559616869699838,1936.869140625,315283.8232653204,4365385.1429449385
18.60204327657103,1943.8768310546875,315313.8232653204,4365355.1429449385
18.632043276571032,1942.9520263671875,315343.8232653204,4365355.1429449385
18.674469683442226,1946.2706298828125,315373.8232653204,4365325.1429449385
18.704469683442223,1954.022705078125,315403.8232653204,4365325.1429449385
18.734469683442224,1963.0369873046875,315433.8232653204,4365325.1429449385
18.776896090313418,1970.6942138671875,315463.8232653204,4365295.1429449385
18.81932249718461,1973.5057373046875,315493.8232653204,4365265.1429449385
18.8617489040558,1978.66552734375,315523.8232653204,4365295.1429449385
18.891748904055802,1983.152587890625,315553.8232653204,4365295.1429449385
18.921748904055804,1992.0096435546875,315583.8232653204,4365295.1429449385
18.964175310926997,2003.0379638671875,315613.8232653204,4365325.1429449385
19.006601717798187,2011.3665771484375,315643.8232653204,4365355.1429449385
19.04902812466938,2019.0166015625,315673.8232653204,4365385.1429449385
19.091454531540574,2025.766845703125,315703.8232653204,4365415.1429449385
19.133880938411767,2034.16748046875,315733.8232653204,4365445.1429449385
19.17630734528296,2043.09619140625,315763.8232653204,4365475.1429449385
19.21873375215415,2047.1190185546875,315793.8232653204,4365505.1429449385
