date,precipitation
2021-01-01,0
2021-01-02,0
2021-01-03,0
2021-01-04,0
2021-01-05,0
2021-01-06,0
2021-01-07,0
2021-01-08,0
2021-01-09,0
2021-01-10,0
2021-01-11,0
2021-01-12,0
2021-01-13,0
2021-01-14,0
2021-01-15,0
2021-01-16,0
2021-01-17,0.0814551937997278
2021-01-18,0
2021-01-19,0
2021-01-20,0
2021-01-21,4.380364718391686
2021-01-22,0
2021-01-23,0
2021-01-24,0
2021-01-25,0
2021-01-26,0
2021-01-27,0
2021-01-28,0
2021-01-29,0
2021-01-30,2.706768545340885
2021-01-31,5.132616977550065
2021-02-01,0
2021-02-02,5.550666185350712
2021-02-03,0
2021-02-04,0
2021-02-05,3.3933901129446506
2021-02-06,0.09606611185083967
2021-02-07,0
2021-02-08,6.098054511676032
2021-02-09,0
2021-02-10,0
2021-02-11,0
2021-02-12,0
2021-02-13,0
2021-02-14,0
2021-02-15,0
2021-02-16,0
2021-02-17,0
2021-02-18,7.278389438212487
2021-02-19,0.1872934946199743
2021-02-20,0
2021-02-21,0
2021-02-22,0
2021-02-23,0
2021-02-24,0
2021-02-25,0
2021-02-26,0.07284419711043194
2021-02-27,0
2021-02-28,0
2021-03-01,0
2021-03-02,0
2021-03-03,0
2021-03-04,0
2021-03-05,0
2021-03-06,8.580836904895902
2021-03-07,0
2021-03-08,0
2021-03-09,6.545443637247178
2021-03-10,3.839797531939009
2021-03-11,0
2021-03-12,6.725807376024201
2021-03-13,13.722492123964866
2021-03-14,0
2021-03-15,0.06931712000392781
2021-03-16,5.430169083280757
2021-03-17,0
2021-03-18,0.055849050540054346
2021-03-19,9.12498566404001
2021-03-20,19.048070021676867
2021-03-21,0
2021-03-22,0
2021-03-23,0
2021-03-24,1.9796017331257862
2021-03-25,6.7708857876119275
2021-03-26,13.29735104731765
2021-03-27,15.086411321403366
2021-03-28,4.403143258261656
2021-03-29,0
2021-03-30,0
2021-03-31,0
2021-04-01,0
2021-04-02,0
2021-04-03,6.455378872213029
2021-04-04,9.479923450554923
2021-04-05,0
2021-04-06,0
2021-04-07,0
2021-04-08,0
2021-04-09,0
2021-04-10,0
2021-04-11,0
2021-04-12,0
2021-04-13,0
2021-04-14,0
2021-04-15,0
2021-04-16,0
2021-04-17,0
2021-04-18,0
2021-04-19,0
2021-04-20,0
2021-04-21,0
2021-04-22,0
2021-04-23,0
2021-04-24,0
2021-04-25,0
2021-04-26,0
2021-04-27,0
2021-04-28,0
2021-04-29,0
2021-04-30,0.5545814932340783
2021-05-01,2.88773416132841
2021-05-02,0
2021-05-03,0
2021-05-04,0.997344882718326
2021-05-05,2.3895414338258525
2021-05-06,0
2021-05-07,0
2021-05-08,0.1590452659420851
2021-05-09,0
2021-05-10,10.477293672895382
2021-05-11,0
2021-05-12,0
2021-05-13,0
2021-05-14,0
2021-05-15,0
2021-05-16,0
2021-05-17,0
2021-05-18,0
2021-05-19,0
2021-05-20,0
2021-05-21,0
2021-05-22,2.913567416362014
2021-05-23,0
2021-05-24,0
2021-05-25,0
2021-05-26,0
2021-05-27,0
2021-05-28,0
2021-05-29,0
2021-05-30,0
2021-05-31,0
2021-06-01,0
2021-06-02,0
2021-06-03,0
2021-06-04,0
2021-06-05,0
2021-06-06,0
2021-06-07,0
2021-06-08,0
2021-06-09,0
2021-06-10,0
2021-06-11,0
2021-06-12,0
2021-06-13,0
2021-06-14,0
2021-06-15,0
2021-06-16,0
2021-06-17,0
2021-06-18,0
2021-06-19,0
2021-06-20,0
2021-06-21,0
2021-06-22,0
2021-06-23,0
2021-06-24,0
2021-06-25,0
2021-06-26,0
2021-06-27,0
2021-06-28,0
2021-06-29,0
2021-06-30,0
2021-07-01,0
2021-07-02,0
2021-07-03,0
2021-07-04,0
2021-07-05,0
2021-07-06,0
2021-07-07,0
2021-07-08,0
2021-07-09,0
2021-07-10,0
2021-07-11,0
2021-07-12,0
2021-07-13,0
2021-07-14,0
2021-07-15,0
2021-07-16,0
2021-07-17,0
2021-07-18,0
2021-07-19,0
2021-07-20,0
2021-07-21,0
2021-07-22,0
2021-07-23,0
2021-07-24,0
2021-07-25,0
2021-07-26,0
2021-07-27,0
2021-07-28,0
2021-07-29,0
2021-07-30,0
2021-07-31,0
2021-08-01,0
2021-08-02,0
2021-08-03,0
2021-08-04,0
2021-08-05,0
2021-08-06,0
2021-08-07,0
2021-08-08,0
2021-08-09,0
2021-08-10,0
2021-08-11,0
2021-08-12,0
2021-08-13,0
2021-08-14,0
2021-08-15,0
2021-08-16,0
2021-08-17,0
2021-08-18,0
2021-08-19,0
2021-08-20,0
2021-08-21,0
2021-08-22,0
2021-08-23,0
2021-08-24,0
2021-08-25,0
2021-08-26,0
2021-08-27,0
2021-08-28,0
2021-08-29,0
2021-08-30,0
2021-08-31,0
2021-09-01,0
2021-09-02,0
2021-09-03,0
2021-09-04,0
2021-09-05,0
2021-09-06,0
2021-09-07,0
2021-09-08,0
2021-09-09,0
2021-09-10,0
2021-09-11,0
2021-09-12,0
2021-09-13,0
2021-09-14,0
2021-09-15,0
2021-09-16,0
2021-09-17,0
2021-09-18,0
2021-09-19,0
2021-09-20,0
2021-09-21,0
2021-09-22,0
2021-09-23,0
2021-09-24,0
2021-09-25,0
2021-09-26,0
2021-09-27,0
2021-09-28,0
2021-09-29,0
2021-09-30,0
2021-10-01,0
2021-10-02,0
2021-10-03,0
2021-10-04,0
2021-10-05,6.4988155450952405
2021-10-06,0
2021-10-07,0
2021-10-08,0
2021-10-09,0.9717967603770445
2021-10-10,0
2021-10-11,0
2021-10-12,0
2021-10-13,0.15993072625056054
2021-10-14,0
2021-10-15,0
2021-10-16,0
2021-10-17,0
2021-10-18,0
2021-10-19,0
2021-10-20,3.0452820771825158
2021-10-21,0
2021-10-22,0
2021-10-23,0
2021-10-24,0
2021-10-25,0
2021-10-26,0
2021-10-27,0
2021-10-28,0.2223948110072762
2021-10-29,0
2021-10-30,0
2021-10-31,0
2021-11-01,0
2021-11-02,0
2021-11-03,0
2021-11-04,5.040720454202856
2021-11-05,0
2021-11-06,0
2021-11-07,0
2021-11-08,0
2021-11-09,0
2021-11-10,0
2021-11-11,0
2021-11-12,0
2021-11-13,0
2021-11-14,0
2021-11-15,0
2021-11-16,0
2021-11-17,1.124566878392613
2021-11-18,0
2021-11-19,0
2021-11-20,0
2021-11-21,0
2021-11-22,0
2021-11-23,0.47337479707671376
2021-11-24,0
2021-11-25,0
2021-11-26,0
2021-11-27,0
2021-11-28,5.575076105738749
2021-11-29,0
2021-11-30,0
2021-12-01,0
2021-12-02,0.48536226580024144
2021-12-03,0
2021-12-04,0
2021-12-05,0
2021-12-06,0.5379809564649112
2021-12-07,0
2021-12-08,0
2021-12-09,0
2021-12-10,0
2021-12-11,0
2021-12-12,0
2021-12-13,0
2021-12-14,0
2021-12-15,0
2021-12-16,0
2021-12-17,0
2021-12-18,0
2021-12-19,16.78719029876612
2021-12-20,0
2021-12-21,0
2021-12-22,0
2021-12-23,0
2021-12-24,0
2021-12-25,0.47707858950310533
2021-12-26,0
2021-12-27,0
2021-12-28,0
2021-12-29,0
2021-12-30,0
2021-12-31,15.242855113991245
2022-01-01,0
2022-01-02,0
2022-01-03,24.86018563732742
2022-01-04,0
2022-01-05,0
2022-01-06,1.862648427928872
2022-01-07,0
2022-01-08,0
2022-01-09,0
2022-01-10,0
2022-01-11,1.054366170159074
2022-01-12,2.940740106973011
2022-01-13,0
2022-01-14,0
2022-01-15,3.469559836235937
2022-01-16,23.616365473192044
2022-01-17,0
2022-01-18,0
2022-01-19,0
2022-01-20,0
2022-01-21,0
2022-01-22,0
2022-01-23,0
2022-01-24,0
2022-01-25,0
2022-01-26,0
2022-01-27,0
2022-01-28,0
2022-01-29,0
2022-01-30,0
2022-01-31,0
2022-02-01,0
2022-02-02,0
2022-02-03,0
2022-02-04,0
2022-02-05,3.4834389780131536
2022-02-06,4.194825328167525
2022-02-07,0
2022-02-08,4.854571137170398
2022-02-09,0
2022-02-10,0
2022-02-11,0.034600091258642655
2022-02-12,0
2022-02-13,0
2022-02-14,0
2022-02-15,0
2022-02-16,0
2022-02-17,0
2022-02-18,0
2022-02-19,0
2022-02-20,0
2022-02-21,0
2022-02-22,4.106478295169479
2022-02-23,0
2022-02-24,0
2022-02-25,0
2022-02-26,0
2022-02-27,0.12319193652427085
2022-02-28,0
2022-03-01,0
2022-03-02,0
2022-03-03,0
2022-03-04,3.2611485860001377
2022-03-05,5.372411187354985
2022-03-06,7.656382304360481
2022-03-07,11.262819283081898
2022-03-08,4.564097699279624
2022-03-09,3.7542730538235745
2022-03-10,10.992452264464168
2022-03-11,14.189067019384716
2022-03-12,2.253224404214675
2022-03-13,39.84003476803275
2022-03-14,7.289917942827858
2022-03-15,7.289917942827858
2022-03-16,6.547387562526246
2022-03-17,2.7831404555513903
2022-03-18,0
2022-03-19,2.0182802052664734
2022-03-20,0
2022-03-21,7.192030545130515
2022-03-22,0
2022-03-23,0
2022-03-24,0
2022-03-25,0
2022-03-26,0
2022-03-27,0
2022-03-28,0
2022-03-29,0
2022-03-30,0
2022-03-31,0
2022-04-01,0
2022-04-02,0
2022-04-03,0
2022-04-04,0
2022-04-05,0
2022-04-06,0
2022-04-07,1.2228177890165741
2022-04-08,2.7381792105141782
2022-04-09,1.2345540737802378
2022-04-10,0
2022-04-11,0.971016073972777
2022-04-12,0
2022-04-13,0
2022-04-14,0
2022-04-15,0
2022-04-16,2.4847405697609184
2022-04-17,0
2022-04-18,19.984343602573883
2022-04-19,3.9435088465094945
2022-04-20,0
2022-04-21,0
2022-04-22,0
2022-04-23,0
2022-04-24,4.432337730838538
2022-04-25,0
2022-04-26,0
2022-04-27,0
2022-04-28,0
2022-04-29,1.5493265616678864
2022-04-30,0
2022-05-01,0
2022-05-02,0
2022-05-03,0
2022-05-04,17.282854150992566
2022-05-05,0
2022-05-06,0
2022-05-07,0
2022-05-08,0
2022-05-09,0
2022-05-10,0
2022-05-11,0
2022-05-12,0
2022-05-13,0
2022-05-14,0
2022-05-15,0
2022-05-16,0
2022-05-17,0.9149324572857467
2022-05-18,0
2022-05-19,0
2022-05-20,0
2022-05-21,15.622262070818644
2022-05-22,20.483625986416797
2022-05-23,0
2022-05-24,0
2022-05-25,0
2022-05-26,0
2022-05-27,0
2022-05-28,0
2022-05-29,0
2022-05-30,0
2022-05-31,0
2022-06-01,0
2022-06-02,0
2022-06-03,0
2022-06-04,0
2022-06-05,0
2022-06-06,0
2022-06-07,0
2022-06-08,0
2022-06-09,0
2022-06-10,0
2022-06-11,0
2022-06-12,0
2022-06-13,0
2022-06-14,0
2022-06-15,0
2022-06-16,0.04355923316717022
2022-06-17,0.9066980914751015
2022-06-18,0.21125124307983376
2022-06-19,1.6207838052150936
2022-06-20,1.3723409766230577
2022-06-21,0
2022-06-22,0
2022-06-23,0
2022-06-24,0
2022-06-25,0
2022-06-26,0
2022-06-27,0
2022-06-28,0
2022-06-29,0
2022-06-30,0
2022-07-01,0
2022-07-02,0
2022-07-03,0
2022-07-04,0
2022-07-05,0
2022-07-06,0
2022-07-07,0
2022-07-08,0
2022-07-09,0
2022-07-10,0
2022-07-11,0
2022-07-12,0
2022-07-13,0
2022-07-14,0
2022-07-15,0
2022-07-16,0
2022-07-17,0
2022-07-18,0
2022-07-19,0
2022-07-20,0
2022-07-21,0
2022-07-22,0
2022-07-23,0
2022-07-24,0
2022-07-25,0
2022-07-26,0
2022-07-27,0
2022-07-28,0
2022-07-29,0
2022-07-30,0
2022-07-31,0
2022-08-01,0
2022-08-02,0
2022-08-03,0
2022-08-04,0
2022-08-05,0
2022-08-06,0
2022-08-07,0
2022-08-08,0
2022-08-09,0
2022-08-10,0
2022-08-11,0
2022-08-12,0
2022-08-13,0
2022-08-14,0
2022-08-15,0
2022-08-16,0
2022-08-17,0
2022-08-18,0
2022-08-19,0
2022-08-20,0
2022-08-21,0
2022-08-22,0
2022-08-23,0
2022-08-24,0
2022-08-25,0
2022-08-26,0
2022-08-27,0
2022-08-28,0
2022-08-29,0
2022-08-30,0
2022-08-31,0
2022-09-01,0
2022-09-02,0
2022-09-03,0
2022-09-04,0
2022-09-05,0
2022-09-06,0
2022-09-07,0
2022-09-08,0
2022-09-09,0
2022-09-10,0
2022-09-11,0
2022-09-12,0
2022-09-13,0
2022-09-14,0
2022-09-15,0
2022-09-16,0
2022-09-17,0
2022-09-18,0
2022-09-19,0
2022-09-20,0
2022-09-21,0
2022-09-22,0
2022-09-23,0
2022-09-24,0
2022-09-25,0
2022-09-26,0.00014024341628914968
2022-09-27,0.0006075529280710722
2022-09-28,0.0007820444066504123
2022-09-29,0
2022-09-30,2.1926950859745387
2022-10-01,0
2022-10-02,0
2022-10-03,0
2022-10-04,0
2022-10-05,0
2022-10-06,0
2022-10-07,0
2022-10-08,0
2022-10-09,0
2022-10-10,0
2022-10-11,0
2022-10-12,0
2022-10-13,0
2022-10-14,0
2022-10-15,0
2022-10-16,0
2022-10-17,0
2022-10-18,0
2022-10-19,23.496782397920484
2022-10-20,0
2022-10-21,0
2022-10-22,0
2022-10-23,8.30042596232474
2022-10-24,0
2022-10-25,9.0327519546258
2022-10-26,0
2022-10-27,0
2022-10-28,0
2022-10-29,0
2022-10-30,1.6550048755309996
2022-10-31,0
2022-11-01,1.9670889895895256
2022-11-02,7.111133893499447
2022-11-03,13.774432586839826
2022-11-04,3.813562998463216
2022-11-05,0
2022-11-06,0
2022-11-07,11.987723555822768
2022-11-08,0
2022-11-09,0
2022-11-10,0
2022-11-11,0
2022-11-12,0
2022-11-13,0
2022-11-14,0
2022-11-15,0
2022-11-16,0
2022-11-17,0
2022-11-18,20.62056965388018
2022-11-19,0
2022-11-20,0
2022-11-21,0
2022-11-22,0
2022-11-23,0
2022-11-24,0
2022-11-25,0
2022-11-26,0
2022-11-27,0
2022-11-28,0
2022-11-29,0
2022-11-30,0
2022-12-01,0
2022-12-02,0
2022-12-03,0
2022-12-04,19.732630889969442
2022-12-05,0
2022-12-06,0
2022-12-07,0
2022-12-08,0
2022-12-09,0
2022-12-10,0
2022-12-11,0
2022-12-12,5.7098948538366585
2022-12-13,0
2022-12-14,0
2022-12-15,0
2022-12-16,0
2022-12-17,0
2022-12-18,0
2022-12-19,3.2790955824664896
2022-12-20,0
2022-12-21,4.931534616464269
2022-12-22,0
2022-12-23,0
2022-12-24,0
2022-12-25,0
2022-12-26,0
2022-12-27,3.236057207667815
2022-12-28,0
2022-12-29,0
2022-12-30,0
2022-12-31,0
2023-01-01,0
2023-01-02,0
2023-01-03,7.411697088344732
2023-01-04,0
2023-01-05,2.331954959720721
2023-01-06,3.2395416519674747
2023-01-07,0
2023-01-08,0
2023-01-09,0
2023-01-10,11.378747937029518
2023-01-11,0
2023-01-12,0
2023-01-13,0
2023-01-14,0
2023-01-15,0
2023-01-16,0
2023-01-17,0
2023-01-18,0
2023-01-19,0
2023-01-20,0
2023-01-21,0
2023-01-22,0
2023-01-23,0
2023-01-24,0
2023-01-25,0
2023-01-26,0
2023-01-27,0
2023-01-28,0
2023-01-29,0
2023-01-30,0
2023-01-31,0
2023-02-01,8.216938804594104
2023-02-02,2.88474264326935
2023-02-03,2.2980145596497135
2023-02-04,0
2023-02-05,5.92739458478521
2023-02-06,0
2023-02-07,0
2023-02-08,6.73750978714588
2023-02-09,4.503836566544794
2023-02-10,0
2023-02-11,0
2023-02-12,0.30715934848482007
2023-02-13,0
2023-02-14,0
2023-02-15,16.545933408929333
2023-02-16,21.25393502204062
2023-02-17,0
2023-02-18,0
2023-02-19,0
2023-02-20,0
2023-02-21,0
2023-02-22,0
2023-02-23,0
2023-02-24,7.906640972590522
2023-02-25,1.3477962901963918
2023-02-26,0
2023-02-27,0
2023-02-28,0
2023-03-01,0
2023-03-02,0
2023-03-03,0
2023-03-04,0
2023-03-05,0
2023-03-06,1.3999720512240466
2023-03-07,0.38120229512231857
2023-03-08,0
2023-03-09,1.8527359316483034
2023-03-10,1.1478752620905355
2023-03-11,0.13119499933681714
2023-03-12,12.637469559181026
2023-03-13,0
2023-03-14,0
2023-03-15,0
2023-03-16,0
2023-03-17,0
2023-03-18,0.5848177429979958
2023-03-19,2.5701715013255244
2023-03-20,0
2023-03-21,0
2023-03-22,0.22227201026924595
2023-03-23,0.8577580165003418
2023-03-24,0
2023-03-25,0
2023-03-26,0
2023-03-27,0
2023-03-28,0
2023-03-29,0
2023-03-30,0
2023-03-31,1.0811668906206797
2023-04-01,0
2023-04-02,4.947993559144589
2023-04-03,4.450946283997812
2023-04-04,1.80923245870928
2023-04-05,3.394377626771007
2023-04-06,0
2023-04-07,1.1799240960548945
2023-04-08,0
2023-04-09,1.6569243445123372
2023-04-10,0
2023-04-11,0
2023-04-12,0
2023-04-13,0
2023-04-14,0
2023-04-15,0
2023-04-16,0
2023-04-17,0
2023-04-18,0
2023-04-19,0
2023-04-20,0
2023-04-21,0
2023-04-22,0
2023-04-23,0
2023-04-24,0
2023-04-25,0
2023-04-26,0
2023-04-27,0
2023-04-28,0
2023-04-29,0
2023-04-30,0
2023-05-01,0
2023-05-02,0
2023-05-03,0.09822887150631984
2023-05-04,0
2023-05-05,0
2023-05-06,3.982681855417133
2023-05-07,0
2023-05-08,0
2023-05-09,0
2023-05-10,0
2023-05-11,0
2023-05-12,0
2023-05-13,0
2023-05-14,0
2023-05-15,1.1363953161087927
2023-05-16,2.1828327808501484
2023-05-17,14.681323501489832
2023-05-18,0
2023-05-19,0
2023-05-20,0
2023-05-21,0
2023-05-22,0
2023-05-23,0
2023-05-24,0
2023-05-25,0
2023-05-26,0
2023-05-27,0
2023-05-28,0
2023-05-29,0
2023-05-30,0
2023-05-31,0
2023-06-01,0
2023-06-02,0
2023-06-03,0
2023-06-04,0
2023-06-05,0
2023-06-06,0
2023-06-07,0
2023-06-08,0
2023-06-09,0
2023-06-10,0
2023-06-11,0
2023-06-12,0
2023-06-13,0
2023-06-14,0
2023-06-15,0
2023-06-16,0
2023-06-17,0
2023-06-18,0
2023-06-19,0
2023-06-20,0
2023-06-21,0
2023-06-22,0
2023-06-23,0
2023-06-24,0
2023-06-25,0
2023-06-26,0
2023-06-27,0
2023-06-28,0
2023-06-29,0
2023-06-30,0
2023-07-01,0
2023-07-02,0
2023-07-03,0
2023-07-04,0
2023-07-05,0
2023-07-06,0
2023-07-07,0
2023-07-08,0
2023-07-09,0
2023-07-10,0
2023-07-11,0
2023-07-12,0
2023-07-13,0
2023-07-14,0
2023-07-15,0
2023-07-16,0
2023-07-17,0
2023-07-18,0
2023-07-19,0
2023-07-20,0
2023-07-21,0
2023-07-22,0
2023-07-23,0
2023-07-24,0
2023-07-25,0
2023-07-26,0
2023-07-27,0
2023-07-28,0
2023-07-29,0
2023-07-30,0
2023-07-31,0
2023-08-01,0
2023-08-02,0
2023-08-03,0
2023-08-04,0
2023-08-05,0
2023-08-06,0
2023-08-07,0
2023-08-08,0
2023-08-09,0
2023-08-10,0
2023-08-11,0
2023-08-12,0
2023-08-13,0
2023-08-14,0
2023-08-15,0
2023-08-16,0
2023-08-17,0
2023-08-18,0
2023-08-19,0
2023-08-20,0
2023-08-21,0
2023-08-22,0
2023-08-23,0
2023-08-24,0
2023-08-25,0
2023-08-26,0
2023-08-27,0
2023-08-28,0
2023-08-29,0
2023-08-30,0
2023-08-31,0
2023-09-01,0
2023-09-02,0
2023-09-03,0
2023-09-04,0
2023-09-05,0
2023-09-06,0
2023-09-07,0
2023-09-08,0
2023-09-09,0
2023-09-10,0
2023-09-11,0
2023-09-12,0
2023-09-13,0
2023-09-14,0
2023-09-15,0
2023-09-16,0
2023-09-17,0
2023-09-18,0
2023-09-19,0
2023-09-20,0
2023-09-21,0
2023-09-22,0
2023-09-23,0
2023-09-24,0
2023-09-25,0
2023-09-26,0
2023-09-27,0
2023-09-28,0
2023-09-29,0
2023-09-30,0
2023-10-01,0
2023-10-02,0
2023-10-03,0
2023-10-04,0
2023-10-05,0
2023-10-06,0
2023-10-07,0
2023-10-08,0
2023-10-09,0
2023-10-10,0
2023-10-11,0
2023-10-12,10.270117992308085
2023-10-13,0
2023-10-14,0
2023-10-15,0
2023-10-16,0
2023-10-17,1.4765851409159687
2023-10-18,0
2023-10-19,0
2023-10-20,0
2023-10-21,1.072414373921691
2023-10-22,2.084553410620098
2023-10-23,0
2023-10-24,0
2023-10-25,0
2023-10-26,4.615050998876862
2023-10-27,0
2023-10-28,1.669556232297661
2023-10-29,0
2023-10-30,0
2023-10-31,0
2023-11-01,0
2023-11-02,0
2023-11-03,0
2023-11-04,0
2023-11-05,0
2023-11-06,0.44521075316476677
2023-11-07,0
2023-11-08,0
2023-11-09,0
2023-11-10,0
2023-11-11,0.10847893145531891
2023-11-12,0
2023-11-13,0
2023-11-14,0
2023-11-15,0
2023-11-16,0
2023-11-17,0
2023-11-18,0
2023-11-19,0
2023-11-20,0
2023-11-21,0
2023-11-22,0.10807755693777496
2023-11-23,0
2023-11-24,0
2023-11-25,0
2023-11-26,0
2023-11-27,0.3604447262663857
2023-11-28,19.960800584528126
2023-11-29,0.157009213751978
2023-11-30,0
2023-12-01,0
2023-12-02,0
2023-12-03,0
2023-12-04,0
2023-12-05,0
2023-12-06,0
2023-12-07,0.26949170740639294
2023-12-08,0
2023-12-09,0
2023-12-10,0
2023-12-11,12.670085412194343
2023-12-12,0
2023-12-13,0.4302643857351164
2023-12-14,1.5825109605698167
2023-12-15,0
2023-12-16,0
2023-12-17,0
2023-12-18,7.113935306747292
2023-12-19,0
2023-12-20,0
2023-12-21,0
2023-12-22,0
2023-12-23,1.7028622741031751
2023-12-24,4.38219544111355
2023-12-25,0
2023-12-26,8.954791917527848
2023-12-27,0
2023-12-28,0
2023-12-29,0
2023-12-30,0
2023-12-31,0
2024-01-01,3.7776065145797975
2024-01-02,0
2024-01-03,0
2024-01-04,0
2024-01-05,0
2024-01-06,0
2024-01-07,1.6944578305787528
2024-01-08,2.183211457059341
2024-01-09,0
2024-01-10,0
2024-01-11,5.76374972283777
2024-01-12,4.021944268763635
2024-01-13,1.612656866252612
2024-01-14,2.232332625040194
2024-01-15,0
2024-01-16,0
2024-01-17,0
2024-01-18,0
2024-01-19,0
2024-01-20,0
2024-01-21,0
2024-01-22,0
2024-01-23,0
2024-01-24,0
2024-01-25,0
2024-01-26,0
2024-01-27,0
2024-01-28,21.293023308665983
2024-01-29,2.4015102356135025
2024-01-30,0
2024-01-31,0
2024-02-01,0.9479976148519386
2024-02-02,0.9994916356507441
2024-02-03,1.5041534109307753
2024-02-04,0
2024-02-05,0
2024-02-06,2.1718323043649295
2024-02-07,2.966021676078708
2024-02-08,0
2024-02-09,0
2024-02-10,0
2024-02-11,0
2024-02-12,0
2024-02-13,0
2024-02-14,0
2024-02-15,0.10359306995335213
2024-02-16,11.3765953418938
2024-02-17,11.099589500548605
2024-02-18,0.20837919279727554
2024-02-19,0
2024-02-20,0
2024-02-21,0
2024-02-22,0
2024-02-23,0
2024-02-24,0.9930052728187748
2024-02-25,0
2024-02-26,0
2024-02-27,0
2024-02-28,0
2024-02-29,9.648152208783342
2024-03-01,2.0562677921950505
2024-03-02,13.279882496766044
2024-03-03,0
2024-03-04,0
2024-03-05,0
2024-03-06,0
2024-03-07,0
2024-03-08,3.0678896792746553
2024-03-09,0.7019745685389288
2024-03-10,0
2024-03-11,9.794682544210685
2024-03-12,22.095937413350143
2024-03-13,0
2024-03-14,0
2024-03-15,0
2024-03-16,0
2024-03-17,0
2024-03-18,0
2024-03-19,0.047256818631800215
2024-03-20,4.358002350666617
2024-03-21,7.436529983771316
2024-03-22,0
2024-03-23,0
2024-03-24,0
2024-03-25,0.17124400487760222
2024-03-26,10.055449569718332
2024-03-27,0
2024-03-28,0
2024-03-29,7.411363818612609
2024-03-30,0
2024-03-31,0
2024-04-01,0
2024-04-02,0
2024-04-03,0
2024-04-04,0
2024-04-05,0
2024-04-06,0
2024-04-07,0
2024-04-08,0
2024-04-09,0
2024-04-10,0
2024-04-11,3.268401429104528
2024-04-12,6.855048833444541
2024-04-13,8.435388355214675
2024-04-14,1.9498443407572466
2024-04-15,10.326147291844874
2024-04-16,0
2024-04-17,0
2024-04-18,0
2024-04-19,0
2024-04-20,0.29965345882282274
2024-04-21,0
2024-04-22,0
2024-04-23,0
2024-04-24,0
2024-04-25,0
2024-04-26,0
2024-04-27,0
2024-04-28,0
2024-04-29,0
2024-04-30,0
2024-05-01,0
2024-05-02,0
2024-05-03,2.5704107233979925
2024-05-04,20.851399028288604
2024-05-05,0
2024-05-06,0
2024-05-07,0
2024-05-08,0
2024-05-09,9.285451395514155
2024-05-10,0
2024-05-11,0
2024-05-12,0
2024-05-13,0
2024-05-14,0
2024-05-15,0
2024-05-16,5.155887624238987
2024-05-17,2.8145881244006112
2024-05-18,5.2851731294286095
2024-05-19,15.361120455591196
2024-05-20,3.163140297188865
2024-05-21,0
2024-05-22,0
2024-05-23,0
2024-05-24,0
2024-05-25,0
2024-05-26,0
2024-05-27,0
2024-05-28,0
2024-05-29,0
2024-05-30,0
2024-05-31,0
2024-06-01,0
2024-06-02,0
2024-06-03,0
2024-06-04,0
2024-06-05,4.360256611984835
2024-06-06,0
2024-06-07,0
2024-06-08,0
2024-06-09,0
2024-06-10,0
2024-06-11,0.2077760971205611
2024-06-12,0.30391533742337823
2024-06-13,0.4411656957036744
2024-06-14,0.15247521626892427
2024-06-15,0.03646916003101767
2024-06-16,0
2024-06-17,0
2024-06-18,0
2024-06-19,0
2024-06-20,0
2024-06-21,0
2024-06-22,0
2024-06-23,0
2024-06-24,0
2024-06-25,0
2024-06-26,0
2024-06-27,0
2024-06-28,0
2024-06-29,0
2024-06-30,0
2024-07-01,0
2024-07-02,0
2024-07-03,0
2024-07-04,0
2024-07-05,0
2024-07-06,0
2024-07-07,0
2024-07-08,0
2024-07-09,0
2024-07-10,0
2024-07-11,0
2024-07-12,0
2024-07-13,0
2024-07-14,0
2024-07-15,0
2024-07-16,0
2024-07-17,0
2024-07-18,0
2024-07-19,0
2024-07-20,0
2024-07-21,0
2024-07-22,0
2024-07-23,0
2024-07-24,0
2024-07-25,0
2024-07-26,0
2024-07-27,0
2024-07-28,0
2024-07-29,0
2024-07-30,0
2024-07-31,0
2024-08-01,0
2024-08-02,0
2024-08-03,0
2024-08-04,0
2024-08-05,0
2024-08-06,0
2024-08-07,0
2024-08-08,0
2024-08-09,0
2024-08-10,0
2024-08-11,0
2024-08-12,0
2024-08-13,0
2024-08-14,0
2024-08-15,0
2024-08-16,0
2024-08-17,0
2024-08-18,0
2024-08-19,0
2024-08-20,0
2024-08-21,0.17747426608208
2024-08-22,0.2624437645125111
2024-08-23,0.001747669104616537
2024-08-24,1.4713525703970875e-06
2024-08-25,4.0632550147523425e-06
2024-08-26,0.0037810940099712977
2024-08-27,0
2024-08-28,0.7814972886414695
2024-08-29,0.003281872274599168
2024-08-30,0.007749092204438845
2024-08-31,0.025802702139570477
2024-09-01,0
2024-09-02,0
2024-09-03,0
2024-09-04,0
2024-09-05,0
2024-09-06,0
2024-09-07,0
2024-09-08,0
2024-09-09,0
2024-09-10,0
2024-09-11,0
2024-09-12,1.472667609708655e-06
2024-09-13,2.5911000060349163e-06
2024-09-14,0.00042257934493557893
2024-09-15,1.7355424031725872
2024-09-16,0
2024-09-17,0
2024-09-18,0
2024-09-19,0
2024-09-20,0
2024-09-21,0
2024-09-22,0
2024-09-23,0
2024-09-24,0
2024-09-25,0
2024-09-26,0
2024-09-27,0
2024-09-28,0
2024-09-29,0
2024-09-30,0
2024-10-01,0.26056649983877345
2024-10-02,0.0025310992126966396
2024-10-03,0.3865227350690585
2024-10-04,2.3864406252463577
2024-10-05,6.121083511906742
2024-10-06,0
2024-10-07,0
2024-10-08,0
2024-10-09,0
2024-10-10,0
2024-10-11,0
2024-10-12,0
2024-10-13,0
2024-10-14,0
2024-10-15,0
2024-10-16,0
2024-10-17,0
2024-10-18,0
2024-10-19,0
2024-10-20,0
2024-10-21,0
2024-10-22,12.703844829935539
2024-10-23,0
2024-10-24,0
2024-10-25,12.703844829935539
2024-10-26,0
2024-10-27,0
2024-10-28,0
2024-10-29,0
2024-10-30,0
2024-10-31,0
2024-11-01,0
2024-11-02,0
2024-11-03,0.09479522199418362
2024-11-04,6.303391784777192
2024-11-05,0
2024-11-06,11.600958528852416
2024-11-07,0
2024-11-08,0
2024-11-09,0
2024-11-10,0
2024-11-11,0
2024-11-12,0
2024-11-13,13.92758412325749
2024-11-14,0
2024-11-15,0
2024-11-16,0
2024-11-17,0
2024-11-18,0
2024-11-19,0
2024-11-20,7.494584960876821
2024-11-21,0
2024-11-22,0
2024-11-23,0
2024-11-24,0
2024-11-25,0
2024-11-26,0
2024-11-27,0
2024-11-28,12.208037180207823
2024-11-29,8.766395361527152
2024-11-30,0
2024-12-01,0
2024-12-02,0
2024-12-03,0
2024-12-04,0
2024-12-05,0
2024-12-06,0
2024-12-07,0
2024-12-08,0.17797435455079552
2024-12-09,0
2024-12-10,0
2024-12-11,0
2024-12-12,0
2024-12-13,0
2024-12-14,0
2024-12-15,8.43182979686895
2024-12-16,0
2024-12-17,0
2024-12-18,0
2024-12-19,8.357533627325001
2024-12-20,0
2024-12-21,7.8845499105443375
2024-12-22,0
2024-12-23,0
2024-12-24,0
2024-12-25,0
2024-12-26,0
2024-12-27,0
2024-12-28,0
2024-12-29,6.876516945415187
2024-12-30,0
2024-12-31,0
2025-01-01,0
2025-01-02,0.6709142633864889
2025-01-03,4.723283783881309
2025-01-04,14.132278264390576
2025-01-05,0
2025-01-06,0
2025-01-07,0
2025-01-08,0
2025-01-09,0
2025-01-10,0
2025-01-11,0
2025-01-12,0
2025-01-13,0
2025-01-14,0
2025-01-15,0
2025-01-16,0
2025-01-17,0
2025-01-18,0.44456780272854984
2025-01-19,0
2025-01-20,0
2025-01-21,5.939571970214519
2025-01-22,1.017714326606702
2025-01-23,0.016816983954222483
2025-01-24,0
2025-01-25,0
2025-01-26,0
2025-01-27,0
2025-01-28,0
2025-01-29,0
2025-01-30,0
2025-01-31,0
2025-02-01,0
2025-02-02,0
2025-02-03,0
2025-02-04,0
2025-02-05,0
2025-02-06,0.0009717136680238417
2025-02-07,2.8717524072398315
2025-02-08,4.9545857994832
2025-02-09,0.9254604574857815
2025-02-10,3.1026132802063184
2025-02-11,0
2025-02-12,0
2025-02-13,0
2025-02-14,0
2025-02-15,4.818417458114544
2025-02-16,0
2025-02-17,0
2025-02-18,0.17930877499464082
2025-02-19,0
2025-02-20,0
2025-02-21,0
2025-02-22,0
2025-02-23,8.961201020035487
2025-02-24,8.961201020035487
2025-02-25,3.4603769417658596
2025-02-26,1.015350719082267
2025-02-27,0.011905409228293695
2025-02-28,0.9776262860282987
2025-03-01,0
2025-03-02,16.803057299438997
2025-03-03,0
2025-03-04,0
2025-03-05,0
2025-03-06,0
2025-03-07,6.259321022640484
2025-03-08,0
2025-03-09,0.16649769573676879
2025-03-10,0
2025-03-11,0
2025-03-12,0
2025-03-13,0
2025-03-14,0
2025-03-15,0
2025-03-16,0
2025-03-17,0
2025-03-18,0
2025-03-19,0
2025-03-20,0
2025-03-21,0
2025-03-22,0
2025-03-23,0.4058614975574287
2025-03-24,24.53076156098416
2025-03-25,2.1806734480508947
2025-03-26,0
2025-03-27,0
2025-03-28,0
2025-03-29,0
2025-03-30,0
2025-03-31,0
2025-04-01,0
2025-04-02,0
2025-04-03,0
2025-04-04,3.8327952386971376
2025-04-05,1.3543517566814405
2025-04-06,0.06111834941714339
2025-04-07,0
2025-04-08,6.710780680748464
2025-04-09,3.628991574523052
2025-04-10,0
2025-04-11,0
2025-04-12,0.09105617187182447
2025-04-13,0
2025-04-14,0
2025-04-15,3.113969384612613
2025-04-16,0
2025-04-17,12.35918744674796
2025-04-18,5.779461388876178
2025-04-19,0
2025-04-20,0
2025-04-21,0
2025-04-22,0
2025-04-23,0
2025-04-24,0
2025-04-25,0
2025-04-26,0
2025-04-27,0
2025-04-28,0
2025-04-29,0
2025-04-30,0
2025-05-01,0
2025-05-02,0
2025-05-03,0
2025-05-04,0
2025-05-05,0
2025-05-06,0
2025-05-07,0.09374205592707639
2025-05-08,0.9070812351251077
2025-05-09,0.39398676062186483
2025-05-10,0.13261744007863271
2025-05-11,0
2025-05-12,0
2025-05-13,0
2025-05-14,0
2025-05-15,0
2025-05-16,0
2025-05-17,2.211687454489611
2025-05-18,2.443126022809779e-05
2025-05-19,1.626217750509488e-05
2025-05-20,0
2025-05-21,0
2025-05-22,0
2025-05-23,0
2025-05-24,0
2025-05-25,0.8956716298298518
2025-05-26,0
2025-05-27,10.404604694876161
2025-05-28,0
2025-05-29,0
2025-05-30,0.5855763830789706
2025-05-31,0
2025-06-01,0
2025-06-02,0
2025-06-03,0
2025-06-04,0
2025-06-05,0
2025-06-06,0.05229566458806254
2025-06-07,0
2025-06-08,0
2025-06-09,0
2025-06-10,0
2025-06-11,0.11684703323614815
2025-06-12,0.4561063729439915
2025-06-13,0.17970252397330927
2025-06-14,0.5112698412207
2025-06-15,0.36687060323082626
2025-06-16,0
2025-06-17,0
2025-06-18,0
2025-06-19,0
2025-06-20,0
2025-06-21,0
2025-06-22,0
2025-06-23,0
2025-06-24,0
2025-06-25,0
2025-06-26,0
2025-06-27,0
2025-06-28,0
2025-06-29,0
2025-06-30,0
2025-07-01,0.7800133597117593
2025-07-02,0
2025-07-03,0.23404329212447622
2025-07-04,0.17821582658008958
2025-07-05,0.4059447280801873
2025-07-06,0
2025-07-07,0
2025-07-08,0
2025-07-09,0
2025-07-10,0
2025-07-11,0
2025-07-12,0
2025-07-13,0
2025-07-14,0
2025-07-15,0
2025-07-16,0
2025-07-17,0
2025-07-18,0
2025-07-19,0
2025-07-20,0
2025-07-21,0
2025-07-22,0
2025-07-23,0
2025-07-24,0
2025-07-25,0
2025-07-26,0
2025-07-27,0
2025-07-28,0
2025-07-29,0
2025-07-30,0
2025-07-31,0
2025-08-01,0
2025-08-02,0
2025-08-03,0
2025-08-04,0
2025-08-05,0
2025-08-06,0
2025-08-07,0
2025-08-08,0
2025-08-09,0
2025-08-10,0
2025-08-11,0
2025-08-12,0
2025-08-13,0
2025-08-14,0
2025-08-15,0
2025-08-16,0
2025-08-17,0
2025-08-18,0
2025-08-19,0
2025-08-20,0
2025-08-21,0
2025-08-22,0
2025-08-23,0
2025-08-24,0
2025-08-25,0
2025-08-26,0
2025-08-27,0
2025-08-28,0
2025-08-29,0
2025-08-30,0
2025-08-31,0
2025-09-01,0
2025-09-02,0
2025-09-03,0
2025-09-04,0
2025-09-05,0
2025-09-06,0
2025-09-07,0
2025-09-08,0
2025-09-09,0
2025-09-10,0
2025-09-11,0
2025-09-12,0
2025-09-13,0
2025-09-14,0
2025-09-15,0
2025-09-16,0
2025-09-17,0
2025-09-18,0
2025-09-19,0
2025-09-20,0
2025-09-21,0
2025-09-22,0
2025-09-23,0
2025-09-24,0
2025-09-25,0
2025-09-26,0
2025-09-27,0
2025-09-28,0
2025-09-29,0
2025-09-30,0
2025-10-01,0
2025-10-02,0
2025-10-03,0
2025-10-04,0
2025-10-05,1.8512373615297255
2025-10-06,0
2025-10-07,0.24706027641781822
2025-10-08,0
2025-10-09,0
2025-10-10,0
2025-10-11,0
2025-10-12,0
2025-10-13,1.6866214563586173
2025-10-14,0
2025-10-15,0
2025-10-16,0
2025-10-17,0
2025-10-18,3.7973744608817404
2025-10-19,0
2025-10-20,0
2025-10-21,0
2025-10-22,0
2025-10-23,0.05355571461634065
2025-10-24,0
2025-10-25,0
2025-10-26,0
2025-10-27,0
2025-10-28,0
2025-10-29,0
2025-10-30,0
2025-10-31,0
2025-11-01,0
2025-11-02,0
2025-11-03,4.273294512565671
2025-11-04,0.14852593938720315
2025-11-05,0
2025-11-06,0
2025-11-07,0
2025-11-08,0
2025-11-09,0
2025-11-10,0
2025-11-11,0.14600221526711266
2025-11-12,0
2025-11-13,0
2025-11-14,0
2025-11-15,0
2025-11-16,4.921913461240201
2025-11-17,0
2025-11-18,0
2025-11-19,0
2025-11-20,0
2025-11-21,0
2025-11-22,0.6988722505966402
2025-11-23,0.5278487533868181
2025-11-24,0.7443518544431708
2025-11-25,0.8394120947427235
2025-11-26,0.34492278160292295
2025-11-27,0
2025-11-28,0
2025-11-29,0
2025-11-30,3.30524348277176
2025-12-01,0
2025-12-02,0
2025-12-03,0
2025-12-04,0.20906055213790686
2025-12-05,0
2025-12-06,0
2025-12-07,0
2025-12-08,0
2025-12-09,15.102199026534567
2025-12-10,0.6472645736322171
2025-12-11,5.783210955647119
2025-12-12,6.986030594288736
2025-12-13,7.5885882372567925
2025-12-14,0
2025-12-15,0
2025-12-16,0
2025-12-17,20.420817707907233
2025-12-18,0.5137571944664544
2025-12-19,10.089735081188246
2025-12-20,12.492425043787708
2025-12-21,0
2025-12-22,0
2025-12-23,0
2025-12-24,0
2025-12-25,0
2025-12-26,0
2025-12-27,5.119376542080246
2025-12-28,10.45855519627463
2025-12-29,10.029023001075174
2025-12-30,0
2025-12-31,5.008605630880703
